﻿<?xml version="1.0" encoding="UTF-8"?>
<synergyModuleDescription>
    <config id="config.el.nx_dhcp_client" path="ssp_cfg/framework/el/nx_dhcp_client_cfg.h" version="0">
        <property default="3" display="Internal thread priority" id="config.el.nx_dhcp_client.priority">
            <constraint display="Value must be a non-negative integer">
                testInteger("${config.el.nx_dhcp_client.priority}")  &amp;&amp; ("${config.el.nx_dhcp_client.priority}" &gt;= 0)
            </constraint>
        </property>
        <property default="2048" display="Internal thread stack size (bytes)" id="config.el.nx_dhcp_client.thread_stack_size">
            <constraint display="Value must be a non-negative integer">
                testInteger("${config.el.nx_dhcp_client.thread_stack_size}")  &amp;&amp; (("${config.el.nx_dhcp_client.thread_stack_size}" % 8) == 0)
            </constraint>
        </property>
        <property default="1" display="Timeout between DHCP messages processed (seconds)" id="config.el.nx_dhcp_client.time_interval">
            <constraint display="Value must be a non-negative integer">
                testInteger("${config.el.nx_dhcp_client.time_interval}")  &amp;&amp; ("${config.el.nx_dhcp_client.time_interval}" &gt;= 0)
            </constraint>
        </property>
        <property default="config.el.nx_dhcp_client.bootp.disable" display="Use BOOTP" id="config.el.nx_dhcp_client.bootp">
            <option display="Disable" id="config.el.nx_dhcp_client.bootp.disable" value="0"/>
            <option display="Enable" id="config.el.nx_dhcp_client.bootp.enable" value="1"/>
        </property>
        <property default="config.el.nx_dhcp_client.send_arp_probe.disable" display="Send ARP probe" id="config.el.nx_dhcp_client.send_arp_probe">
            <option display="Disable" id="config.el.nx_dhcp_client.send_arp_probe.disable" value="0"/>
            <option display="Enable" id="config.el.nx_dhcp_client.send_arp_probe.enable" value="1"/>
        </property>
        <property default="1" display="ARP probe wait time (seconds)" description="Requires 'Send ARP probe' enabled" id="config.el.nx_dhcp_client.arp_probe_wait">
            <constraint display="Value must be a non-negative integer">
                testInteger("${config.el.nx_dhcp_client.arp_probe_wait}")  &amp;&amp; ("${config.el.nx_dhcp_client.arp_probe_wait}" &gt;= 0)
            </constraint>
        </property>
        <property default="1" display="Minimum ARP probe wait time (seconds)" description="Requires 'Send ARP probe' enabled" id="config.el.nx_dhcp_client.arp_probe_min">
            <constraint display="Value must be a non-negative integer">
                testInteger("${config.el.nx_dhcp_client.arp_probe_min}")  &amp;&amp; ("${config.el.nx_dhcp_client.arp_probe_min}" &gt;= 0)
            </constraint>
        </property>
        <property default="2" display="Maximum ARP probe wait time (seconds)" description="Requires 'Send ARP probe' enabled" id="config.el.nx_dhcp_client.arp_probe_max">
            <constraint display="Value must be a non-negative integer">
                testInteger("${config.el.nx_dhcp_client.arp_probe_max}")  &amp;&amp; ("${config.el.nx_dhcp_client.arp_probe_max}" &gt;= 0)
            </constraint>
        </property>
        <property default="2" display="ARP probe count" description="Requires 'Send ARP probe' enabled" id="config.el.nx_dhcp_client.arp_probe_num">
            <constraint display="Value must be a non-negative integer">
                testInteger("${config.el.nx_dhcp_client.arp_probe_num}")  &amp;&amp; ("${config.el.nx_dhcp_client.arp_probe_num}" &gt;= 0)
            </constraint>
        </property>

        <property default="64" display="Maximum retransmission timeout (seconds)" id="config.el.nx_dhcp_client.max_retrans_timeout">
            <constraint display="Value must be a non-negative integer">
                testInteger("${config.el.nx_dhcp_client.max_retrans_timeout}")  &amp;&amp; ("${config.el.nx_dhcp_client.max_retrans_timeout}" &gt;= 0)
            </constraint>
        </property>
        <property default="60" display="Minimum renew timeout (seconds)" id="config.el.nx_dhcp_client.min_renew_timeout">
            <constraint display="Value must be a non-negative integer">
                testInteger("${config.el.nx_dhcp_client.min_renew_timeout}")  &amp;&amp; ("${config.el.nx_dhcp_client.min_renew_timeout}" &gt;= 0)
            </constraint>
        </property>
        <property default="4" display="Minimum retransmission timeout (seconds)" id="config.el.nx_dhcp_client.min_retrans_timeout">
            <constraint display="Value must be a non-negative integer">
                testInteger("${config.el.nx_dhcp_client.min_retrans_timeout}")  &amp;&amp; ("${config.el.nx_dhcp_client.min_retrans_timeout}" &gt;= 0)
            </constraint>
        </property>
        <property default="592" display="Client packet payload size (bytes)" id="config.el.nx_dhcp_client.packet_payload">
            <constraint display="Value must be a non-negative integer (Packet payload size = Buffer size(548) + NX_IP_HEADER size + NX_UDP_HEADER size + NX_PHYSICAL_HEADER size)">
                testInteger("${config.el.nx_dhcp_client.packet_payload}")  &amp;&amp; ("${config.el.nx_dhcp_client.packet_payload}" &gt;= 0)
            </constraint>
        </property>
        <property default="5" display="Number of packets in internal packet pool" id="config.el.nx_dhcp_client.packet_pool_size">
            <constraint display="Value must be a non-negative integer">
                testInteger("${config.el.nx_dhcp_client.packet_pool_size}")  &amp;&amp; ("${config.el.nx_dhcp_client.packet_pool_size}" &gt;= 0)  &amp;&amp; ("${config.el.nx_dhcp_client.packet_pool_size}" &lt;= 10)
            </constraint>
        </property>
        <property default="config.el.nx_dhcp_client.client_restore_state.disable" display="Persistent client state" id="config.el.nx_dhcp_client.client_restore_state">
            <option display="Disable" id="config.el.nx_dhcp_client.client_restore_state.disable" value="0"/>
            <option display="Enable" id="config.el.nx_dhcp_client.client_restore_state.enable" value="1"/>
        </property>
        <property default="config.el.nx_dhcp_client.user_create_packet_pool.disable" display="Use application packet pool" id="config.el.nx_dhcp_client.user_create_packet_pool">
            <option display="Disable" id="config.el.nx_dhcp_client.user_create_packet_pool.disable" value="0"/>
            <option display="Enable" id="config.el.nx_dhcp_client.user_create_packet_pool.enable" value="1"/>
        </property>
        <property default="config.el.nx_dhcp_client.send_max_dhcp_message_option.disable" display="Maximum message size support" id="config.el.nx_dhcp_client.send_max_dhcp_message_option">
            <option display="Disable" id="config.el.nx_dhcp_client.send_max_dhcp_message_option.disable" value="0"/>
            <option display="Enable" id="config.el.nx_dhcp_client.send_max_dhcp_message_option.enable" value="1"/>
        </property>
        <property default="312" display="DHCP options buffer size (bytes)" id="config.el.nx_dhcp_client.buffer_size">
            <constraint display="Value must be a non-negative integer">
                testInteger("${config.el.nx_dhcp_client.buffer_size}")  &amp;&amp; ("${config.el.nx_dhcp_client.buffer_size}" &gt;= 0)
            </constraint>
        </property>
        <property default="1" display="Maximum number of network interfaces for DHCP client" id="config.el.nx_dhcp_client.max_records" description="Specify the Maximum number of network interfaces for DHCP client">
            <constraint display="Value must be a non-negative integer, Incase of non default value make sure to attach the NetX Source module">
                testInteger("${config.el.nx_dhcp_client.max_records}")  &amp;&amp; ("${config.el.nx_dhcp_client.max_records}" &gt;= 1)
            </constraint>
        </property>
        <property default="10" display="Wait before restarting the configuration process (seconds)" description="wait time before restarting the configuration process when DHCP detects that the address is already in use" id="config.el.nx_dhcp_client.restart_wait">
            <constraint display="Value must be a non-negative integer">
                testInteger("${config.el.nx_dhcp_client.restart_wait}")  &amp;&amp; ("${config.el.nx_dhcp_client.restart_wait}" &gt;= 0)
            </constraint>
        </property>
        <content>
            #if (${config.el.nx_dhcp_client.bootp})
            #define NX_DHCP_ENABLE_BOOTP
            #endif
            #if ${config.el.nx_dhcp_client.client_restore_state}
            #define NX_DHCP_CLIENT_RESTORE_STATE
            #endif
            #if (${config.el.nx_dhcp_client.user_create_packet_pool})
            #define NX_DHCP_CLIENT_USER_CREATE_PACKET_POOL
            #endif
            #if (${config.el.nx_dhcp_client.send_max_dhcp_message_option})
            #define NX_DHCP_CLIENT_SEND_MAX_DHCP_MESSAGE_OPTION
            #endif
            #if (${config.el.nx_dhcp_client.send_arp_probe})
            #define NX_DHCP_CLIENT_SEND_ARP_PROBE
            #define NX_DHCP_ARP_PROBE_WAIT                         (${config.el.nx_dhcp_client.arp_probe_wait} * NX_IP_PERIODIC_RATE)
            #define NX_DHCP_ARP_PROBE_MIN                          (${config.el.nx_dhcp_client.arp_probe_min} * NX_IP_PERIODIC_RATE)
            #define NX_DHCP_ARP_PROBE_MAX                          (${config.el.nx_dhcp_client.arp_probe_max} * NX_IP_PERIODIC_RATE)
            #define NX_DHCP_ARP_PROBE_NUM                          ${config.el.nx_dhcp_client.arp_probe_num}
            #endif
            #define NX_DHCP_THREAD_PRIORITY                        ${config.el.nx_dhcp_client.priority}
            #define NX_DHCP_THREAD_STACK_SIZE                      ${config.el.nx_dhcp_client.thread_stack_size}
            #define NX_DHCP_TIME_INTERVAL                          (${config.el.nx_dhcp_client.time_interval} * NX_IP_PERIODIC_RATE)
            #define NX_DHCP_MAX_RETRANS_TIMEOUT                    (${config.el.nx_dhcp_client.max_retrans_timeout} * NX_IP_PERIODIC_RATE)
            #define NX_DHCP_MIN_RENEW_TIMEOUT                      (${config.el.nx_dhcp_client.min_renew_timeout} * NX_IP_PERIODIC_RATE)
            #define NX_DHCP_MIN_RETRANS_TIMEOUT                    (${config.el.nx_dhcp_client.min_retrans_timeout} * NX_IP_PERIODIC_RATE)
            #define NX_DHCP_PACKET_PAYLOAD                         ${config.el.nx_dhcp_client.packet_payload}
            #define NX_DHCP_PACKET_POOL_SIZE                       (${config.el.nx_dhcp_client.packet_pool_size} * ( NX_DHCP_PACKET_PAYLOAD + sizeof(NX_PACKET)))
            #define NX_DHCP_OPTIONS_BUFFER_SIZE                    ${config.el.nx_dhcp_client.buffer_size}
            #define NX_DHCP_CLIENT_MAX_RECORDS                     ${config.el.nx_dhcp_client.max_records}
            #define NX_DHCP_RESTART_WAIT                           (${config.el.nx_dhcp_client.restart_wait} * NX_IP_PERIODIC_RATE)
        </content>
    </config>
    <module config="config.el.nx_dhcp_client" display="X-Ware|NetX|Protocols|${module.el.nx_dhcp_client.name} NetX DHCP Client" id="module.el.nx_dhcp_client" version="1" url="https://knowledgebase.renesas.com/English_Content/Renesas_Synergy%E2%84%A2_Platform/Renesas_Synergy_Knowledge_Base/NetX_DHCP_Client_Module_Guide_Resources">
        <constraint display="Module instances must have unique names">
            "${interface.el.nx_dhcp_client.${module.el.nx_dhcp_client.name}}" === "1"
        </constraint>
        <constraint display="NetX Source module should be included and 'Maximum number of network interfaces for DHCP client' should be less than or equal to number of physical interfaces">
          "${config.el.nx_dhcp_client.max_records}" === "1" || ("${interface.el.nx_src}" === "1" &amp;&amp; "${config.el.nx_src.max_physical_interfaces}" &gt;= "${config.el.nx_dhcp_client.max_records}")
        </constraint>
        <requires interface="_rtos" />
        <requires id="module.el.nx_dhcp_client.requires.nx.ip" interface="interface.el.nx_original.ip" display="Add NetX IP Instance" >
            <override property="module.el.nx.ip.address" value="0,0,0,0" />
            <override property="module.el.nx.ip.arp" value="module.el.nx.ip.arp.enable" />
            <override property="module.el.nx.ip.udp" value="module.el.nx.ip.udp.enable" />
        </requires>
        <requires id="module.el.nx_dhcp_client.requires.nx_dhcp_common" interface="interface.el.nx_dhcp_common" display="Add DHCP Common" />


        <!-- NetX and NetX Duo -->
        <provides interface="interface.el.nx_dhcp_client" />
        <provides interface="interface.el.nx_dhcp_client.${module.el.nx_dhcp_client.name}" />
        <!-- NetX only -->
        <provides interface="interface.el.nx_original_dhcp_client" />
        <provides interface="interface.el.nx_original_dhcp_client.${module.el.nx_dhcp_client.name}" />

        <property default="g_dhcp_client${_instance}" display="Name" id="module.el.nx_dhcp_client.name">
            <constraint display="Name must be a valid C symbol">testSymbol("${module.el.nx_dhcp_client.name}")</constraint>
        </property>
        <property default="dhcp_client_init${_instance}" display="Name of generated initialization function" id="module.el.nx_dhcp_client.init_function">
            <constraint display="Name must be a valid C symbol">testSymbol("${module.el.nx_dhcp_client.init_function}")</constraint>
        </property>
        <property default="module.el.nx_dhcp_client.init.enable" display="Auto Initialization" id="module.el.nx_dhcp_client.init">
            <option display="Enable"  id="module.el.nx_dhcp_client.init.enable"  value="1"/>
            <option display="Disable" id="module.el.nx_dhcp_client.init.disable" value="0"/>
        </property>
        <property default="module.el.nx_dhcp_client.option.disable" display="DHCP Option addition" id="module.el.nx_dhcp_client.option"
                  description="Add DHCP option in DHCP message">
            <option display="Enable"  id="module.el.nx_dhcp_client.option.enable"  value="1"/>
            <option display="Disable" id="module.el.nx_dhcp_client.option.disable" value="0"/>
        </property>
         <property default="module.el.nx_dhcp_client.option_func.enable" display="DHCP Option addition function" id="module.el.nx_dhcp_client.option_func"
                  description="Enable DHCP option addition function">
            <option display="Enable"  id="module.el.nx_dhcp_client.option_func.enable"  value="1"/>
            <option display="Disable" id="module.el.nx_dhcp_client.option_func.disable" value="0"/>
        </property>
        <property default="dhcp_user_option_add_client${_instance}" display="Name of the DHCP option addition function" id="module.el.nx_dhcp_client.option_function"
                  description="DHCP option addition function name, user may need to implement this function">
            <constraint display="Name must be a valid C symbol">testSymbol("${module.el.nx_dhcp_client.option_function}")</constraint>
        </property>
        <header>
            extern NX_DHCP  ${module.el.nx_dhcp_client.name};
            void ${module.el.nx_dhcp_client.name}_err_callback(void * p_instance, void * p_data);
            void ${module.el.nx_dhcp_client.init_function}(void);

            #define DHCP_USR_OPT_ADD_ENABLE_${module.el.nx_dhcp_client.name} (${module.el.nx_dhcp_client.option})
            #define DHCP_USR_OPT_ADD_FUNCTION_ENABLE_${module.el.nx_dhcp_client.name} (${module.el.nx_dhcp_client.option_func})

            #if DHCP_USR_OPT_ADD_ENABLE_${module.el.nx_dhcp_client.name}
            UINT ${module.el.nx_dhcp_client.option_function}(NX_DHCP *dhcp_ptr, UINT iface_index, UINT message_type, UCHAR *user_option_ptr, UINT *user_option_length);
            #if DHCP_USR_OPT_ADD_FUNCTION_ENABLE_${module.el.nx_dhcp_client.name}
            extern UCHAR ${module.el.nx_dhcp_client.name}_opt_num;
            extern CHAR *${module.el.nx_dhcp_client.name}_opt_val;
            #endif
            #endif
        </header>
        <includes>
            #include "nx_dhcp.h"
        </includes>
        <macros>
        </macros>
        <declarations>
            #if defined(__ICCARM__)
            #define ${module.el.nx_dhcp_client.name}_err_callback_WEAK_ATTRIBUTE
            #pragma weak ${module.el.nx_dhcp_client.name}_err_callback  = ${module.el.nx_dhcp_client.name}_err_callback_internal
            #elif defined(__GNUC__)
            #define ${module.el.nx_dhcp_client.name}_err_callback_WEAK_ATTRIBUTE   __attribute__ ((weak, alias("${module.el.nx_dhcp_client.name}_err_callback_internal")))
            #endif
            void ${module.el.nx_dhcp_client.name}_err_callback(void * p_instance, void * p_data) ${module.el.nx_dhcp_client.name}_err_callback_WEAK_ATTRIBUTE;
            NX_DHCP  ${module.el.nx_dhcp_client.name};
            /*******************************************************************************************************************//**
               * @brief      This is a weak example initialization error function.  It should be overridden by defining a user  function
               *             with the prototype below.
               *             - void ${module.el.nx_dhcp_client.name}_err_callback(void * p_instance, void * p_data)
               *
               * @param[in]  p_instance arguments used to identify which instance caused the error and p_data Callback arguments used to identify what error caused the callback.
               **********************************************************************************************************************/
            void ${module.el.nx_dhcp_client.name}_err_callback_internal(void * p_instance, void * p_data);
            void ${module.el.nx_dhcp_client.name}_err_callback_internal(void * p_instance, void * p_data)
            {
              /** Suppress compiler warning for not using parameters. */
              SSP_PARAMETER_NOT_USED(p_instance);
              SSP_PARAMETER_NOT_USED(p_data);

              /** An error has occurred. Please check function arguments for more information. */
              BSP_CFG_HANDLE_UNRECOVERABLE_ERROR(0);
            }

            /*******************************************************************************************************************//**
            * @brief     Initialization function that the user can choose to have called automatically during thread entry.
            *            The user can call this function at a later time if desired using the prototype below.

            *            - void ${module.el.nx_dhcp_client.init_function}(void)
            **********************************************************************************************************************/
            void ${module.el.nx_dhcp_client.init_function}(void)
            {
                UINT ${module.el.nx_dhcp_client.name}_err;
                /* Create DHCP client. */
                ${module.el.nx_dhcp_client.name}_err = nx_dhcp_create(&amp;${module.el.nx_dhcp_client.name}, &amp;${module.el.nx_dhcp_client.requires.nx.ip::module.el.nx.ip.name}, "${module.el.nx_dhcp_client.name}_DHCP");
                if (NX_SUCCESS != ${module.el.nx_dhcp_client.name}_err)
                {
                    ${module.el.nx_dhcp_client.name}_err_callback((void *)&amp;${module.el.nx_dhcp_client.name},&amp;${module.el.nx_dhcp_client.name}_err);
                }

                #if DHCP_USR_OPT_ADD_ENABLE_${module.el.nx_dhcp_client.name}
                /* Set callback function to add user options.  */
                ${module.el.nx_dhcp_client.name}_err =  nx_dhcp_user_option_add_callback_set(&amp;${module.el.nx_dhcp_client.name},
                                                                                             ${module.el.nx_dhcp_client.option_function});

                if (NX_SUCCESS != ${module.el.nx_dhcp_client.name}_err)
                {
                    ${module.el.nx_dhcp_client.name}_err_callback((void *)&amp;${module.el.nx_dhcp_client.name},&amp;${module.el.nx_dhcp_client.name}_err);
                }
                #endif
            }

            #if DHCP_USR_OPT_ADD_ENABLE_${module.el.nx_dhcp_client.name} &amp;&amp; DHCP_USR_OPT_ADD_FUNCTION_ENABLE_${module.el.nx_dhcp_client.name}
            UCHAR ${module.el.nx_dhcp_client.name}_opt_num = 60;
            CHAR *${module.el.nx_dhcp_client.name}_opt_val = "REA";

            /*******************************************************************************************************************//**
             * @brief     This DHCP user options add function adds Vendor Class ID. User can change the option number and/or option
             *            value in the user defined code by simply overriding the values. This function work fine to add any option
             *            which takes string values for option. Like below
             *            ${module.el.nx_dhcp_client.name}_opt_num = 43;
             *            ${module.el.nx_dhcp_client.name}_opt_val = "OPT43VAL";
             *            If user wants to chain the options, should disable this function generation and provide their own definition.
             **********************************************************************************************************************/
            UINT ${module.el.nx_dhcp_client.option_function}(NX_DHCP *dhcp_ptr, UINT iface_index, UINT message_type, UCHAR *user_option_ptr, UINT *user_option_length)
            {
                NX_PARAMETER_NOT_USED(dhcp_ptr);
                NX_PARAMETER_NOT_USED(iface_index);
                NX_PARAMETER_NOT_USED(message_type);

                /* Application can check if add options into the packet by iface_index and message_type.
                   message_type are defined in header file, such as: NX_DHCP_TYPE_DHCPDISCOVER.  */
                /* Add Vendor Class ID option refer to RFC2132.  */

                /* Check if have enough space for this option.  */
                if (*user_option_length &lt; (strlen(${module.el.nx_dhcp_client.name}_opt_val) + 2))
                {
                    return(NX_FALSE);
                }

                /* Set the option code.  */
                *user_option_ptr = ${module.el.nx_dhcp_client.name}_opt_num;

                /* Set the option length.  */
                *(user_option_ptr + 1) = (UCHAR)strlen(${module.el.nx_dhcp_client.name}_opt_val);

                /* Set the option value (Vendor class id).  */
                memcpy((user_option_ptr + 2), ${module.el.nx_dhcp_client.name}_opt_val, strlen(${module.el.nx_dhcp_client.name}_opt_val));

                /* Update the option length.  */
                *user_option_length = (strlen(${module.el.nx_dhcp_client.name}_opt_val) + 2);

                return(NX_TRUE);
            }
            #endif
        </declarations>
        <init>
            /** Call initialization function if user has selected to do so. */
            #if (${module.el.nx_dhcp_client.init})
                ${module.el.nx_dhcp_client.init_function}();
            #endif
        </init>
    </module>
</synergyModuleDescription>
