﻿<?xml version="1.0" encoding="UTF-8"?>
<synergyModuleDescription>
    <module display="X-Ware|NetX Duo|Protocols|NetX Duo BSD Support" id="module.el.nxd_bsd" version="1" common="100" url="https://knowledgebase.renesas.com/English_Content/Renesas_Synergy%E2%84%A2_Platform/Renesas_Synergy_Knowledge_Base/NetX_BSD_Support_Module_Guide_Resources">
        <!-- NetX BSD Adaptation Layer requires compilation with _POSIX_SOURCE preprocess MACRO defined for GCC -->
        <constraint display="For GCC compiler, define the C preprocessor symbol _POSIX_SOURCE">
            "${module.el.nx_bsd.warning}" === "module.el.nx_bsd.warning.disabled" 
        </constraint>
        <constraint display="Requires NetX Duo Source, Refer NetX Duo BSD User Guide">
            (testExists("${interface.el.nxd_src}") &amp;&amp; "${module.el.nx_bsd.warning}" === "module.el.nx_bsd.warning.enabled" ) || "${module.el.nx_bsd.warning}" === "module.el.nx_bsd.warning.disabled" 
        </constraint>
        <constraint display="Requires NetX Duo Source 'Extended Notify Support' enabled">
            "${config.el.nxd_src.extended_notify_support}" === "config.el.nxd_src.extended_notify_support.enabled"
        </constraint>
        <requires interface="_rtos" />
        <requires id="module.el.nx_bsd.requires.nx.ip" interface="interface.el.nxd.ip" display="Add NetX Duo IP Instance" >
            <override property="module.el.nx.ip.arp" value="module.el.nx.ip.arp.enable" />
        </requires>
        <requires id="module.el.nx_bsd.requires.nx.packet_pool" interface="interface.el.nxd.packet_pool" display="Add NetX Duo Packet Pool" />
        <!-- NetX and NetX Duo -->
        <provides interface="interface.el.nx_bsd" />
        <!-- NetX Only -->
        <provides interface="interface.el.nxd_bsd" />
        <!-- NetX BSD Adaptation Layer requires compilation with _POSIX_SOURCE preprocess MACRO defined for GCC -->
        <property default="module.el.nx_bsd.warning.enabled" display="NetX BSD Warning" id="module.el.nx_bsd.warning">
            <option display="Enabled" id="module.el.nx_bsd.warning.enabled" value="0"/>
            <option display="Disabled" id="module.el.nx_bsd.warning.disabled" value="1"/>
        </property>
        <property default="2048" display="Internal thread stack size (bytes)" id="module.el.nx_bsd.stack_size">
            <constraint display="Value must be a non-negative integer and divisible by 8">
                testInteger("${module.el.nx_bsd.stack_size}")  &amp;&amp; (("${module.el.nx_bsd.stack_size}" % 8) == 0)
            </constraint>
        </property>
        <property default="3" display="Internal thread priority" id="module.el.nx_bsd.priority">
            <constraint display="Value must be a non-negative integer">
                testInteger("${module.el.nx_bsd.priority}")  &amp;&amp; ("${module.el.nx_bsd.priority}" &gt;= 0)
            </constraint>
        </property>
        <property default="nx_bsd_init${_instance}" display="Name of generated initialization function" id="module.el.nx_bsd.init_function">
            <constraint display="Name must be a valid C symbol">testSymbol("${module.el.nx_bsd.init_function}")</constraint>
        </property>
        <property default="module.el.nx_bsd.init.enable" display="Auto Initialization" id="module.el.nx_bsd.init">
            <option display="Enable"  id="module.el.nx_bsd.init.enable"  value="1"/>
            <option display="Disable" id="module.el.nx_bsd.init.disable" value="0"/>
        </property>
        <header>
            void nx_bsd_err_callback(void * p_instance, void * p_data);
            void ${module.el.nx_bsd.init_function}(void);
        </header>
        <includes>
            #include "nxd_bsd.h"
        </includes>
        <macros>
        </macros>
        <declarations>
            CHAR nx_bsd_stack_memory[${module.el.nx_bsd.stack_size}] BSP_PLACE_IN_SECTION_V2(".stack.nx_bsd") BSP_ALIGN_VARIABLE_V2(BSP_STACK_ALIGNMENT);
            #if defined(__ICCARM__)
            #define nx_bsd_err_callback_WEAK_ATTRIBUTE
            #pragma weak nx_bsd_err_callback  = nx_bsd_err_callback_internal
            #elif defined(__GNUC__)
            #define nx_bsd_err_callback_WEAK_ATTRIBUTE   __attribute__ ((weak, alias("nx_bsd_err_callback_internal")))
            #endif
            void nx_bsd_err_callback(void * p_instance, void * p_data) nx_bsd_err_callback_WEAK_ATTRIBUTE;
            /*******************************************************************************************************************//**
               * @brief      This is a weak example initialization error function.  It should be overridden by defining a user  function
               *             with the prototype below.
               *             - void nx_bsd_err_callback(void * p_instance, void * p_data)
               *
               * @param[in]  p_instance arguments used to identify which instance caused the error and p_data Callback arguments used to identify what error caused the callback.
             **********************************************************************************************************************/
            void nx_bsd_err_callback_internal(void * p_instance, void * p_data);
            void nx_bsd_err_callback_internal(void * p_instance, void * p_data)
            {
              /** Suppress compiler warning for not using parameters. */
              SSP_PARAMETER_NOT_USED(p_instance);
              SSP_PARAMETER_NOT_USED(p_data);

              /** An error has occurred. Please check function arguments for more information. */
              BSP_CFG_HANDLE_UNRECOVERABLE_ERROR(0);
            }
            /*******************************************************************************************************************//**
             * @brief     Initialization function that the user can choose to have called automatically during thread entry.
             *            The user can call this function at a later time if desired using the prototype below.
             *            - void ${module.el.nx_bsd.init_function}(void)
             **********************************************************************************************************************/
            void ${module.el.nx_bsd.init_function}(void)
            {
                INT nx_bsd_err;
                /* Initialize BSD Support for NetX Duo. */
                nx_bsd_err = bsd_initialize(&amp;${module.el.nx_bsd.requires.nx.ip::module.el.nx.ip.name},
                                            &amp;${module.el.nx_bsd.requires.nx.packet_pool::module.el.nx.packet_pool.name},
                                            &amp;nx_bsd_stack_memory[0],
                                            ${module.el.nx_bsd.stack_size},
                                            ${module.el.nx_bsd.priority});
                if (NX_SUCCESS != nx_bsd_err)
                {
                    nx_bsd_err_callback((void *)NULL,&amp;nx_bsd_err);
                }
            }			
        </declarations>
        <init>
            /** Call initialization function if user has selected to do so. */
            #if (${module.el.nx_bsd.init})
                ${module.el.nx_bsd.init_function}();
            #endif
        </init>
    </module>
</synergyModuleDescription>