﻿<?xml version="1.0" encoding="UTF-8"?>
<synergyModuleDescription>
    <config id="config.bsp.s124.ssp" path="ssp_cfg/bsp/bsp_mcu_family_cfg.h" version="0">
       <property default="config.bsp.s124.ssp.OFS0_Register.default" display="OFS0 register settings" id="config.bsp.s124.ssp.OFS0">
			<option display="Select fields below" id="config.bsp.s124.ssp.OFS0_Register.default" value="(0)"/>
        </property>
		<property default="config.bsp.s124.ssp.OFS0.iwdt_start_mode.disabled" display="     IWDT Start Mode" id="config.bsp.s124.ssp.OFS0.iwdt_start_mode">
			 <option display="IWDT is Disabled" id="config.bsp.s124.ssp.OFS0.iwdt_start_mode.disabled" value="1 &lt;&lt; 1"/>
			 <option display="IWDT is automatically activated after a reset (Autostart mode)" id="config.bsp.s124.ssp.OFS0.iwdt_start_mode.enabled" value="0 &lt;&lt; 1"/>
		</property>
		<property default="config.bsp.s124.ssp.OFS0.iwdt_timeout.2048" display="     IWDT Timeout Period" id="config.bsp.s124.ssp.OFS0.iwdt_timeout">
			 <option display="128 cycles" id="config.bsp.s124.ssp.OFS0.iwdt_timeout.128" value="0 &lt;&lt; 2"/>
			 <option display="512 cycles" id="config.bsp.s124.ssp.OFS0.iwdt_timeout.512" value="1 &lt;&lt; 2"/>
			 <option display="1024 cycles" id="config.bsp.s124.ssp.OFS0.iwdt_timeout.1024" value="2 &lt;&lt; 2"/>
			 <option display="2048 cycles" id="config.bsp.s124.ssp.OFS0.iwdt_timeout.2048" value="3 &lt;&lt; 2"/>
		</property>	
		<property default="config.bsp.s124.ssp.OFS0.iwdt_divisor.128" display="     IWDT Dedicated Clock Frequency Divisor" id="config.bsp.s124.ssp.OFS0.iwdt_divisor">
			 <option display="1" id="config.bsp.s124.ssp.OFS0.iwdt_divisor.1" value="0 &lt;&lt; 4"/>
			 <option display="16" id="config.bsp.s124.ssp.OFS0.iwdt_divisor.16" value="2 &lt;&lt; 4"/>
			 <option display="32" id="config.bsp.s124.ssp.OFS0.iwdt_divisor.32" value="3 &lt;&lt; 4"/>
			 <option display="64" id="config.bsp.s124.ssp.OFS0.iwdt_divisor.64" value="4 &lt;&lt; 4"/>
			 <option display="128" id="config.bsp.s124.ssp.OFS0.iwdt_divisor.128" value="15 &lt;&lt; 4"/>
			 <option display="256" id="config.bsp.s124.ssp.OFS0.iwdt_divisor.256" value="5 &lt;&lt; 4"/>
		</property>			
		<property default="config.bsp.s124.ssp.OFS0.iwdt_window_end.0" display="     IWDT Window End Position" id="config.bsp.s124.ssp.OFS0.iwdt_window_end">
			 <option display="75%" id="config.bsp.s124.ssp.OFS0.iwdt_window_end.75" value="0 &lt;&lt; 8"/>
			 <option display="50%" id="config.bsp.s124.ssp.OFS0.iwdt_window_end.50" value="1 &lt;&lt; 8"/>
			 <option display="25%" id="config.bsp.s124.ssp.OFS0.iwdt_window_end.25" value="2 &lt;&lt; 8"/>
			 <option display=" 0% (no window end position)" id="config.bsp.s124.ssp.OFS0.iwdt_window_end.0" value="3 &lt;&lt; 8"/>
		</property>			
		<property default="config.bsp.s124.ssp.OFS0.iwdt_window_start.100" display="     IWDT Window Start Position" id="config.bsp.s124.ssp.OFS0.iwdt_window_start">
			 <option display="25%" id="config.bsp.s124.ssp.OFS0.iwdt_window_start.25" value="0 &lt;&lt; 10"/>
			 <option display="50%" id="config.bsp.s124.ssp.OFS0.iwdt_window_start.50" value="1 &lt;&lt; 10"/>
			 <option display="75%" id="config.bsp.s124.ssp.OFS0.iwdt_window_start.75" value="2 &lt;&lt; 10"/>
			 <option display="100% (no window start position)" id="config.bsp.s124.ssp.OFS0.iwdt_window_start.100" value="3 &lt;&lt; 10"/>
		</property>	
		<property default="config.bsp.s124.ssp.OFS0.iwdt_reset_interrupt.Reset" display="     IWDT Reset Interrupt Request Select" id="config.bsp.s124.ssp.OFS0.iwdt_reset_interrupt">
			 <option display="NMI request or interrupt request is enabled" id="config.bsp.s124.ssp.OFS0.iwdt_reset_interrupt.NMI" value="0 &lt;&lt; 12"/>
			 <option display="Reset is enabled" id="config.bsp.s124.ssp.OFS0.iwdt_reset_interrupt.Reset" value="1 &lt;&lt; 12"/>
		</property>
		<property default="config.bsp.s124.ssp.OFS0.iwdt_stop_control.stops" display="     IWDT Stop Control" id="config.bsp.s124.ssp.OFS0.iwdt_stop_control">
			 <option display="Counting continues" id="config.bsp.s124.ssp.OFS0.iwdt_stop_control.continues" value="0 &lt;&lt; 14"/>
			 <option display="Stop counting when in Sleep, Snooze mode, or Software Standby" id="config.bsp.s124.ssp.OFS0.iwdt_stop_control.stops" value="1 &lt;&lt; 14"/>
		</property>
		<property default="config.bsp.s124.ssp.OFS0.wdt_start_mode.register" display="     WDT Start Mode Select" id="config.bsp.s124.ssp.OFS0.wdt_start_mode">
			 <option display="Automatically activate WDT after a reset (auto-start mode)" id="config.bsp.s124.ssp.OFS0.wdt_start_mode.auto" value="0 &lt;&lt; 17"/>
			 <option display="Stop WDT after a reset (register-start mode)" id="config.bsp.s124.ssp.OFS0.wdt_start_mode.register" value="1 &lt;&lt; 17"/>
		</property>
		<property default="config.bsp.s124.ssp.OFS0.wdt_timeout.16384" display="     WDT Timeout Period" id="config.bsp.s124.ssp.OFS0.wdt_timeout">
			 <option display="1024 cycles" id="config.bsp.s124.ssp.OFS0.wdt_timeout.1024" value="0 &lt;&lt; 18"/>
			 <option display="4096 cycles" id="config.bsp.s124.ssp.OFS0.wdt_timeout.4096" value="1 &lt;&lt; 18"/>
			 <option display="8192 cycles" id="config.bsp.s124.ssp.OFS0.wdt_timeout.8192" value="2 &lt;&lt; 18"/>
			 <option display="16384 cycles" id="config.bsp.s124.ssp.OFS0.wdt_timeout.16384" value="3 &lt;&lt; 18"/>
		</property>	
		<property default="config.bsp.s124.ssp.OFS0.wdt_divisor.128" display="     WDT Clock Frequency Division Ratio" id="config.bsp.s124.ssp.OFS0.wdt_divisor">
			 <option display="4" id="config.bsp.s124.ssp.OFS0.wdt_divisor.4" value="1 &lt;&lt; 20"/>
			 <option display="64" id="config.bsp.s124.ssp.OFS0.wdt_divisor.64" value="4 &lt;&lt; 20"/>
			 <option display="128" id="config.bsp.s124.ssp.OFS0.wdt_divisor.128" value="15 &lt;&lt; 20"/>
			 <option display="512" id="config.bsp.s124.ssp.OFS0.wdt_divisor.512" value="6 &lt;&lt; 20"/>
			 <option display="2048" id="config.bsp.s124.ssp.OFS0.wdt_divisor.2048" value="7 &lt;&lt; 20"/>
			 <option display="8192" id="config.bsp.s124.ssp.OFS0.wdt_divisor.8192" value="8 &lt;&lt; 20"/>
		</property>			
		<property default="config.bsp.s124.ssp.OFS0.wdt_window_end.0" display="     WDT Window End Position" id="config.bsp.s124.ssp.OFS0.wdt_window_end">
			 <option display="75%" id="config.bsp.s124.ssp.OFS0.wdt_window_end.75" value="0 &lt;&lt; 24"/>
			 <option display="50%" id="config.bsp.s124.ssp.OFS0.wdt_window_end.50" value="1 &lt;&lt; 24"/>
			 <option display="25%" id="config.bsp.s124.ssp.OFS0.wdt_window_end.25" value="2 &lt;&lt; 24"/>
			 <option display=" 0% (no window end position)" id="config.bsp.s124.ssp.OFS0.wdt_window_end.0" value="3 &lt;&lt; 24"/>
		</property>			
		<property default="config.bsp.s124.ssp.OFS0.wdt_window_start.100" display="     WDT Window Start Position" id="config.bsp.s124.ssp.OFS0.wdt_window_start">
			 <option display="25%" id="config.bsp.s124.ssp.OFS0.wdt_window_start.25" value="0 &lt;&lt; 26"/>
			 <option display="50%" id="config.bsp.s124.ssp.OFS0.wdt_window_start.50" value="1 &lt;&lt; 26"/>
			 <option display="75%" id="config.bsp.s124.ssp.OFS0.wdt_window_start.75" value="2 &lt;&lt; 26"/>
			 <option display="100% (no window start position)" id="config.bsp.s124.ssp.OFS0.wdt_window_start.100" value="3 &lt;&lt; 26"/>
		</property>	
		<property default="config.bsp.s124.ssp.OFS0.wdt_reset_interrupt.Reset" display="     WDT Reset Interrupt Request" id="config.bsp.s124.ssp.OFS0.wdt_reset_interrupt">
			 <option display="NMI" id="config.bsp.s124.ssp.OFS0.wdt_reset_interrupt.NMI" value="0 &lt;&lt; 28"/>
			 <option display="Reset" id="config.bsp.s124.ssp.OFS0.wdt_reset_interrupt.Reset" value="1 &lt;&lt; 28"/>
		</property>
		<property default="config.bsp.s124.ssp.OFS0.wdt_stop_control.stops" display="     WDT Stop Control" id="config.bsp.s124.ssp.OFS0.wdt_stop_control">
			 <option display="Counting continues" id="config.bsp.s124.ssp.OFS0.wdt_stop_control.continues" value="0 &lt;&lt; 30"/>
			 <option display="Stop counting when entering Sleep mode" id="config.bsp.s124.ssp.OFS0.wdt_stop_control.stops" value="1 &lt;&lt; 30"/>
		</property>	
				
       <property default="config.bsp.s124.ssp.OFS1_Register.default" display="OFS1 register settings" id="config.bsp.s124.ssp.OFS1">
			<option display="Select fields below" id="config.bsp.s124.ssp.OFS1_Register.default" value="(0)"/>
        </property>		
		<property default="config.bsp.s124.ssp.OFS1.voltage_detection0.start.disabled" display="     Voltage Detection 0 Circuit Start" id="config.bsp.s124.ssp.OFS1.voltage_detection0.start">
			 <option display="Voltage monitor 0 reset is enabled after reset" id="config.bsp.s124.ssp.OFS1.voltage_detection0.start.enabled" value="0 &lt;&lt; 2"/>
			 <option display="Voltage monitor 0 reset is disabled after reset" id="config.bsp.s124.ssp.OFS1.voltage_detection0.start.disabled" value="1 &lt;&lt; 2"/>
		</property>
		
		<property default="config.bsp.s124.ssp.OFS1.voltage_detection0_level.190" display="     Voltage Detection 0 Level" id="config.bsp.s124.ssp.OFS1.voltage_detection0_level">
			 <option display="3.84 V" id="config.bsp.s124.ssp.OFS1.voltage_detection0_level.384" value="0 &lt;&lt; 3"/>
			 <option display="2.82 V" id="config.bsp.s124.ssp.OFS1.voltage_detection0_level.282" value="1 &lt;&lt; 3"/>
			 <option display="2.51 V" id="config.bsp.s124.ssp.OFS1.voltage_detection0_level.251" value="2 &lt;&lt; 3"/>
			 <option display="1.90 V" id="config.bsp.s124.ssp.OFS1.voltage_detection0_level.190" value="3 &lt;&lt; 3"/>
			 <option display="1.70 V" id="config.bsp.s124.ssp.OFS1.voltage_detection0_level.170" value="4 &lt;&lt; 3"/>
		</property>	
		
		<property default="config.bsp.s124.ssp.OFS1.hoco_osc.disabled" display="     HOCO OScillation Enable" id="config.bsp.s124.ssp.OFS1.hoco_osc">
			 <option display="HOCO oscillation is enabled after reset" id="config.bsp.s124.ssp.OFS1.hoco_osc.enabled" value="0 &lt;&lt; 8"/>
			 <option display="HOCO oscillation is disabled after reset" id="config.bsp.s124.ssp.OFS1.hoco_osc.disabled" value="1 &lt;&lt; 8"/>
		</property>	
        <content>
            #include "bsp_mcu_device_pn_cfg.h"
            #include "bsp_mcu_device_cfg.h"
            #include "../../../synergy/ssp/src/bsp/mcu/s124/bsp_mcu_info.h"
            #include "bsp_clock_cfg.h"
            #define BSP_MCU_GROUP_S124 (1)
            #define BSP_LOCO_HZ                 (32768)
            #define BSP_MOCO_HZ                 (8000000)
            #define BSP_SUB_CLOCK_HZ            (32768)
            #if   BSP_CFG_HOCO_FREQUENCY == 0
                #define BSP_HOCO_HZ             (24000000)
            #elif BSP_CFG_HOCO_FREQUENCY == 2
                #define BSP_HOCO_HZ             (32000000)
            #elif BSP_CFG_HOCO_FREQUENCY == 4
                #define BSP_HOCO_HZ             (48000000)
            #elif BSP_CFG_HOCO_FREQUENCY == 5
                #define BSP_HOCO_HZ             (64000000)
            #else
                #error "Invalid HOCO frequency chosen (BSP_CFG_HOCO_FREQUENCY) in bsp_clock_cfg.h"
            #endif

            #define BSP_CORTEX_VECTOR_TABLE_ENTRIES    (16U)
            #define BSP_VECTOR_TABLE_MAX_ENTRIES       (48U)

            #define OFS_SEQ1 0xA001A001 | (${config.bsp.s124.ssp.OFS0.iwdt_start_mode}) | (${config.bsp.s124.ssp.OFS0.iwdt_timeout})
            #define OFS_SEQ2 (${config.bsp.s124.ssp.OFS0.iwdt_divisor}) | (${config.bsp.s124.ssp.OFS0.iwdt_window_end}) | (${config.bsp.s124.ssp.OFS0.iwdt_window_start})
            #define OFS_SEQ3 (${config.bsp.s124.ssp.OFS0.iwdt_reset_interrupt}) | (${config.bsp.s124.ssp.OFS0.iwdt_stop_control}) | (${config.bsp.s124.ssp.OFS0.wdt_start_mode})
            #define OFS_SEQ4 (${config.bsp.s124.ssp.OFS0.wdt_timeout}) |(${config.bsp.s124.ssp.OFS0.wdt_divisor}) | (${config.bsp.s124.ssp.OFS0.wdt_window_end}) | (${config.bsp.s124.ssp.OFS0.wdt_window_start})
            #define OFS_SEQ5 (${config.bsp.s124.ssp.OFS0.wdt_reset_interrupt}) | (${config.bsp.s124.ssp.OFS0.wdt_stop_control})           
            #define BSP_CFG_ROM_REG_OFS0 (OFS_SEQ1 | OFS_SEQ2 | OFS_SEQ3 | OFS_SEQ4 | OFS_SEQ5)
            #define BSP_CFG_ROM_REG_OFS1 (0xFFFFFEC3 | (${config.bsp.s124.ssp.OFS1.voltage_detection0.start}) | (${config.bsp.s124.ssp.OFS1.voltage_detection0_level}) | (${config.bsp.s124.ssp.OFS1.hoco_osc}))
        </content>
    </config>   
    <bsp id="bsp.s124.ssp" config="config.bsp.s124.ssp" display="S124 Family" version="0">
        <provides interface="interface.mcu.flash_mf3" />
        <enum default="module.driver.transfer.event.event_elc_software_event_0" id="enum.mcu.elc.event_list">
            <option display="ADC0 COMPARE MATCH" id="module.driver.transfer.event.event_adc0_compare_match" value="ELC_EVENT_ADC0_COMPARE_MATCH" />
            <option display="ADC0 COMPARE MISMATCH" id="module.driver.transfer.event.event_adc0_compare_mismatch" value="ELC_EVENT_ADC0_COMPARE_MISMATCH" />
            <option display="ADC0 SCAN END" id="module.driver.transfer.event.event_adc0_scan_end" value="ELC_EVENT_ADC0_SCAN_END" />
            <option display="ADC0 SCAN END B" id="module.driver.transfer.event.event_adc0_scan_end_b" value="ELC_EVENT_ADC0_SCAN_END_B" />
            <option display="ADC0 WINDOW A" id="module.driver.transfer.event.event_adc0_window_a" value="ELC_EVENT_ADC0_WINDOW_A" />
            <option display="ADC0 WINDOW B" id="module.driver.transfer.event.event_adc0_window_b" value="ELC_EVENT_ADC0_WINDOW_B" />
            <option display="AES RDREQ" id="module.driver.transfer.event.event_aes_rdreq" value="ELC_EVENT_AES_RDREQ" />
            <option display="AES WRREQ" id="module.driver.transfer.event.event_aes_wrreq" value="ELC_EVENT_AES_WRREQ" />
            <option display="AGT0 COMPARE A" id="module.driver.transfer.event.event_agt0_compare_a" value="ELC_EVENT_AGT0_COMPARE_A" />
            <option display="AGT0 COMPARE B" id="module.driver.transfer.event.event_agt0_compare_b" value="ELC_EVENT_AGT0_COMPARE_B" />
            <option display="AGT0 INT" id="module.driver.transfer.event.event_agt0_int" value="ELC_EVENT_AGT0_INT" />
            <option display="AGT1 COMPARE A" id="module.driver.transfer.event.event_agt1_compare_a" value="ELC_EVENT_AGT1_COMPARE_A" />
            <option display="AGT1 COMPARE B" id="module.driver.transfer.event.event_agt1_compare_b" value="ELC_EVENT_AGT1_COMPARE_B" />
            <option display="AGT1 INT" id="module.driver.transfer.event.event_agt1_int" value="ELC_EVENT_AGT1_INT" />
            <option display="CAC FREQUENCY ERROR" id="module.driver.transfer.event.event_cac_frequency_error" value="ELC_EVENT_CAC_FREQUENCY_ERROR" />
            <option display="CAC MEASUREMENT END" id="module.driver.transfer.event.event_cac_measurement_end" value="ELC_EVENT_CAC_MEASUREMENT_END" />
            <option display="CAC OVERFLOW" id="module.driver.transfer.event.event_cac_overflow" value="ELC_EVENT_CAC_OVERFLOW" />
            <option display="CAN0 ERROR" id="module.driver.transfer.event.event_can0_error" value="ELC_EVENT_CAN0_ERROR" />
            <option display="CAN0 FIFO RX" id="module.driver.transfer.event.event_can0_fifo_rx" value="ELC_EVENT_CAN0_FIFO_RX" />
            <option display="CAN0 FIFO TX" id="module.driver.transfer.event.event_can0_fifo_tx" value="ELC_EVENT_CAN0_FIFO_TX" />
            <option display="CAN0 MAILBOX RX" id="module.driver.transfer.event.event_can0_mailbox_rx" value="ELC_EVENT_CAN0_MAILBOX_RX" />
            <option display="CAN0 MAILBOX TX" id="module.driver.transfer.event.event_can0_mailbox_tx" value="ELC_EVENT_CAN0_MAILBOX_TX" />
            <option display="CGC MOSC STOP" id="module.driver.transfer.event.event_cgc_mosc_stop" value="ELC_EVENT_CGC_MOSC_STOP" />
            <option display="COMP LP0 INT" id="module.driver.transfer.event.event_comp_lp_0" value="ELC_EVENT_COMP_LP0_INT" />
            <option display="COMP LP1 INT" id="module.driver.transfer.event.event_comp_lp_1" value="ELC_EVENT_COMP_LP1_INT" />
            <option display="CTSU END" id="module.driver.transfer.event.event_ctsu_end" value="ELC_EVENT_CTSU_END" />
            <option display="CTSU READ" id="module.driver.transfer.event.event_ctsu_read" value="ELC_EVENT_CTSU_READ" />
            <option display="CTSU WRITE" id="module.driver.transfer.event.event_ctsu_write" value="ELC_EVENT_CTSU_WRITE" />
            <option display="DOC INT" id="module.driver.transfer.event.event_doc_int" value="ELC_EVENT_DOC_INT" />
            <option display="DTC COMPLETE" id="module.driver.transfer.event.event_dtc_complete" value="ELC_EVENT_DTC_COMPLETE" />
            <option display="DTC END" id="module.driver.transfer.event.event_dtc_end" value="ELC_EVENT_DTC_END" />
            <option display="ELC SOFTWARE EVENT 0" id="module.driver.transfer.event.event_elc_software_event_0" value="ELC_EVENT_ELC_SOFTWARE_EVENT_0" />
            <option display="ELC SOFTWARE EVENT 1" id="module.driver.transfer.event.event_elc_software_event_1" value="ELC_EVENT_ELC_SOFTWARE_EVENT_1" />
            <option display="FCU FRDYI" id="module.driver.transfer.event.event_fcu_frdyi" value="ELC_EVENT_FCU_FRDYI" />
            <option display="GPT0 CAPTURE COMPARE A" id="module.driver.transfer.event.event_gpt0_capture_compare_a" value="ELC_EVENT_GPT0_CAPTURE_COMPARE_A" />
            <option display="GPT0 CAPTURE COMPARE B" id="module.driver.transfer.event.event_gpt0_capture_compare_b" value="ELC_EVENT_GPT0_CAPTURE_COMPARE_B" />
            <option display="GPT0 COMPARE C" id="module.driver.transfer.event.event_gpt0_compare_c" value="ELC_EVENT_GPT0_COMPARE_C" />
            <option display="GPT0 COMPARE D" id="module.driver.transfer.event.event_gpt0_compare_d" value="ELC_EVENT_GPT0_COMPARE_D" />
            <option display="GPT0 COUNTER OVERFLOW" id="module.driver.transfer.event.event_gpt0_counter_overflow" value="ELC_EVENT_GPT0_COUNTER_OVERFLOW" />
            <option display="GPT0 COUNTER UNDERFLOW" id="module.driver.transfer.event.event_gpt0_counter_underflow" value="ELC_EVENT_GPT0_COUNTER_UNDERFLOW" />
            <option display="GPT1 CAPTURE COMPARE A" id="module.driver.transfer.event.event_gpt1_capture_compare_a" value="ELC_EVENT_GPT1_CAPTURE_COMPARE_A" />
            <option display="GPT1 CAPTURE COMPARE B" id="module.driver.transfer.event.event_gpt1_capture_compare_b" value="ELC_EVENT_GPT1_CAPTURE_COMPARE_B" />
            <option display="GPT1 COMPARE C" id="module.driver.transfer.event.event_gpt1_compare_c" value="ELC_EVENT_GPT1_COMPARE_C" />
            <option display="GPT1 COMPARE D" id="module.driver.transfer.event.event_gpt1_compare_d" value="ELC_EVENT_GPT1_COMPARE_D" />
            <option display="GPT1 COUNTER OVERFLOW" id="module.driver.transfer.event.event_gpt1_counter_overflow" value="ELC_EVENT_GPT1_COUNTER_OVERFLOW" />
            <option display="GPT1 COUNTER UNDERFLOW" id="module.driver.transfer.event.event_gpt1_counter_underflow" value="ELC_EVENT_GPT1_COUNTER_UNDERFLOW" />
            <option display="GPT2 CAPTURE COMPARE A" id="module.driver.transfer.event.event_gpt2_capture_compare_a" value="ELC_EVENT_GPT2_CAPTURE_COMPARE_A" />
            <option display="GPT2 CAPTURE COMPARE B" id="module.driver.transfer.event.event_gpt2_capture_compare_b" value="ELC_EVENT_GPT2_CAPTURE_COMPARE_B" />
            <option display="GPT2 COMPARE C" id="module.driver.transfer.event.event_gpt2_compare_c" value="ELC_EVENT_GPT2_COMPARE_C" />
            <option display="GPT2 COMPARE D" id="module.driver.transfer.event.event_gpt2_compare_d" value="ELC_EVENT_GPT2_COMPARE_D" />
            <option display="GPT2 COUNTER OVERFLOW" id="module.driver.transfer.event.event_gpt2_counter_overflow" value="ELC_EVENT_GPT2_COUNTER_OVERFLOW" />
            <option display="GPT2 COUNTER UNDERFLOW" id="module.driver.transfer.event.event_gpt2_counter_underflow" value="ELC_EVENT_GPT2_COUNTER_UNDERFLOW" />
            <option display="GPT3 CAPTURE COMPARE A" id="module.driver.transfer.event.event_gpt3_capture_compare_a" value="ELC_EVENT_GPT3_CAPTURE_COMPARE_A" />
            <option display="GPT3 CAPTURE COMPARE B" id="module.driver.transfer.event.event_gpt3_capture_compare_b" value="ELC_EVENT_GPT3_CAPTURE_COMPARE_B" />
            <option display="GPT3 COMPARE C" id="module.driver.transfer.event.event_gpt3_compare_c" value="ELC_EVENT_GPT3_COMPARE_C" />
            <option display="GPT3 COMPARE D" id="module.driver.transfer.event.event_gpt3_compare_d" value="ELC_EVENT_GPT3_COMPARE_D" />
            <option display="GPT3 COUNTER OVERFLOW" id="module.driver.transfer.event.event_gpt3_counter_overflow" value="ELC_EVENT_GPT3_COUNTER_OVERFLOW" />
            <option display="GPT3 COUNTER UNDERFLOW" id="module.driver.transfer.event.event_gpt3_counter_underflow" value="ELC_EVENT_GPT3_COUNTER_UNDERFLOW" />
            <option display="GPT4 CAPTURE COMPARE A" id="module.driver.transfer.event.event_gpt4_capture_compare_a" value="ELC_EVENT_GPT4_CAPTURE_COMPARE_A" />
            <option display="GPT4 CAPTURE COMPARE B" id="module.driver.transfer.event.event_gpt4_capture_compare_b" value="ELC_EVENT_GPT4_CAPTURE_COMPARE_B" />
            <option display="GPT4 COMPARE C" id="module.driver.transfer.event.event_gpt4_compare_c" value="ELC_EVENT_GPT4_COMPARE_C" />
            <option display="GPT4 COMPARE D" id="module.driver.transfer.event.event_gpt4_compare_d" value="ELC_EVENT_GPT4_COMPARE_D" />
            <option display="GPT4 COUNTER OVERFLOW" id="module.driver.transfer.event.event_gpt4_counter_overflow" value="ELC_EVENT_GPT4_COUNTER_OVERFLOW" />
            <option display="GPT4 COUNTER UNDERFLOW" id="module.driver.transfer.event.event_gpt4_counter_underflow" value="ELC_EVENT_GPT4_COUNTER_UNDERFLOW" />
            <option display="GPT5 CAPTURE COMPARE A" id="module.driver.transfer.event.event_gpt5_capture_compare_a" value="ELC_EVENT_GPT5_CAPTURE_COMPARE_A" />
            <option display="GPT5 CAPTURE COMPARE B" id="module.driver.transfer.event.event_gpt5_capture_compare_b" value="ELC_EVENT_GPT5_CAPTURE_COMPARE_B" />
            <option display="GPT5 COMPARE C" id="module.driver.transfer.event.event_gpt5_compare_c" value="ELC_EVENT_GPT5_COMPARE_C" />
            <option display="GPT5 COMPARE D" id="module.driver.transfer.event.event_gpt5_compare_d" value="ELC_EVENT_GPT5_COMPARE_D" />
            <option display="GPT5 COUNTER OVERFLOW" id="module.driver.transfer.event.event_gpt5_counter_overflow" value="ELC_EVENT_GPT5_COUNTER_OVERFLOW" />
            <option display="GPT5 COUNTER UNDERFLOW" id="module.driver.transfer.event.event_gpt5_counter_underflow" value="ELC_EVENT_GPT5_COUNTER_UNDERFLOW" />
            <option display="GPT6 CAPTURE COMPARE A" id="module.driver.transfer.event.event_gpt6_capture_compare_a" value="ELC_EVENT_GPT6_CAPTURE_COMPARE_A" />
            <option display="GPT6 CAPTURE COMPARE B" id="module.driver.transfer.event.event_gpt6_capture_compare_b" value="ELC_EVENT_GPT6_CAPTURE_COMPARE_B" />
            <option display="GPT6 COMPARE C" id="module.driver.transfer.event.event_gpt6_compare_c" value="ELC_EVENT_GPT6_COMPARE_C" />
            <option display="GPT6 COMPARE D" id="module.driver.transfer.event.event_gpt6_compare_d" value="ELC_EVENT_GPT6_COMPARE_D" />
            <option display="GPT6 COUNTER OVERFLOW" id="module.driver.transfer.event.event_gpt6_counter_overflow" value="ELC_EVENT_GPT6_COUNTER_OVERFLOW" />
            <option display="GPT6 COUNTER UNDERFLOW" id="module.driver.transfer.event.event_gpt6_counter_underflow" value="ELC_EVENT_GPT6_COUNTER_UNDERFLOW" />
            <option display="ICU IRQ0" id="module.driver.transfer.event.event_icu_irq0" value="ELC_EVENT_ICU_IRQ0" />
            <option display="ICU IRQ1" id="module.driver.transfer.event.event_icu_irq1" value="ELC_EVENT_ICU_IRQ1" />
            <option display="ICU IRQ2" id="module.driver.transfer.event.event_icu_irq2" value="ELC_EVENT_ICU_IRQ2" />
            <option display="ICU IRQ3" id="module.driver.transfer.event.event_icu_irq3" value="ELC_EVENT_ICU_IRQ3" />
            <option display="ICU IRQ4" id="module.driver.transfer.event.event_icu_irq4" value="ELC_EVENT_ICU_IRQ4" />
            <option display="ICU IRQ5" id="module.driver.transfer.event.event_icu_irq5" value="ELC_EVENT_ICU_IRQ5" />
            <option display="ICU IRQ6" id="module.driver.transfer.event.event_icu_irq6" value="ELC_EVENT_ICU_IRQ6" />
            <option display="ICU IRQ7" id="module.driver.transfer.event.event_icu_irq7" value="ELC_EVENT_ICU_IRQ7" />
            <option display="ICU SNOOZE CANCEL" id="module.driver.transfer.event.event_icu_snooze_cancel" value="ELC_EVENT_ICU_SNOOZE_CANCEL" />
            <option display="IIC0 ERI" id="module.driver.transfer.event.event_iic0_eri" value="ELC_EVENT_IIC0_ERI" />
            <option display="IIC0 RXI" id="module.driver.transfer.event.event_iic0_rxi" value="ELC_EVENT_IIC0_RXI" />
            <option display="IIC0 TEI" id="module.driver.transfer.event.event_iic0_tei" value="ELC_EVENT_IIC0_TEI" />
            <option display="IIC0 TXI" id="module.driver.transfer.event.event_iic0_txi" value="ELC_EVENT_IIC0_TXI" />
            <option display="IIC0 WUI" id="module.driver.transfer.event.event_iic0_wui" value="ELC_EVENT_IIC0_WUI" />
            <option display="IIC1 ERI" id="module.driver.transfer.event.event_iic1_eri" value="ELC_EVENT_IIC1_ERI" />
            <option display="IIC1 RXI" id="module.driver.transfer.event.event_iic1_rxi" value="ELC_EVENT_IIC1_RXI" />
            <option display="IIC1 TEI" id="module.driver.transfer.event.event_iic1_tei" value="ELC_EVENT_IIC1_TEI" />
            <option display="IIC1 TXI" id="module.driver.transfer.event.event_iic1_txi" value="ELC_EVENT_IIC1_TXI" />
            <option display="IOPORT EVENT 1" id="module.driver.transfer.event.event_ioport_event_1" value="ELC_EVENT_IOPORT_EVENT_1" />
            <option display="IOPORT EVENT 2" id="module.driver.transfer.event.event_ioport_event_2" value="ELC_EVENT_IOPORT_EVENT_2" />
            <option display="IWDT UNDERFLOW" id="module.driver.transfer.event.event_iwdt_underflow" value="ELC_EVENT_IWDT_UNDERFLOW" />
            <option display="KEY INT" id="module.driver.transfer.event.event_key_int" value="ELC_EVENT_KEY_INT" />
            <option display="LPM SNOOZE REQUEST" id="module.driver.transfer.event.event_lpm_snooze_request" value="ELC_EVENT_LPM_SNOOZE_REQUEST" />
            <option display="LVD LVD1" id="module.driver.transfer.event.event_lvd_lvd1" value="ELC_EVENT_LVD_LVD1" />
            <option display="LVD LVD2" id="module.driver.transfer.event.event_lvd_lvd2" value="ELC_EVENT_LVD_LVD2" />
            <option display="OPS UVW EDGE" id="module.driver.transfer.event.event_ops_uvw_edge" value="ELC_EVENT_OPS_UVW_EDGE" />
            <option display="POEG0 EVENT" id="module.driver.transfer.event.event_poeg0_event" value="ELC_EVENT_POEG0_EVENT" />
            <option display="POEG1 EVENT" id="module.driver.transfer.event.event_poeg1_event" value="ELC_EVENT_POEG1_EVENT" />
            <option display="RTC ALARM" id="module.driver.transfer.event.event_rtc_alarm" value="ELC_EVENT_RTC_ALARM" />
            <option display="RTC CARRY" id="module.driver.transfer.event.event_rtc_carry" value="ELC_EVENT_RTC_CARRY" />
            <option display="RTC PERIOD" id="module.driver.transfer.event.event_rtc_period" value="ELC_EVENT_RTC_PERIOD" />
            <option display="SCI0 AM" id="module.driver.transfer.event.event_sci0_am" value="ELC_EVENT_SCI0_AM" />
            <option display="SCI0 ERI" id="module.driver.transfer.event.event_sci0_eri" value="ELC_EVENT_SCI0_ERI" />
            <option display="SCI0 RXI" id="module.driver.transfer.event.event_sci0_rxi" value="ELC_EVENT_SCI0_RXI" />
            <option display="SCI0 RXI OR ERI" id="module.driver.transfer.event.event_sci0_rxi_or_eri" value="ELC_EVENT_SCI0_RXI_OR_ERI" />
            <option display="SCI0 TEI" id="module.driver.transfer.event.event_sci0_tei" value="ELC_EVENT_SCI0_TEI" />
            <option display="SCI0 TXI" id="module.driver.transfer.event.event_sci0_txi" value="ELC_EVENT_SCI0_TXI" />
            <option display="SCI1 AM" id="module.driver.transfer.event.event_sci1_am" value="ELC_EVENT_SCI1_AM" />
            <option display="SCI1 ERI" id="module.driver.transfer.event.event_sci1_eri" value="ELC_EVENT_SCI1_ERI" />
            <option display="SCI1 RXI" id="module.driver.transfer.event.event_sci1_rxi" value="ELC_EVENT_SCI1_RXI" />
            <option display="SCI1 TEI" id="module.driver.transfer.event.event_sci1_tei" value="ELC_EVENT_SCI1_TEI" />
            <option display="SCI1 TXI" id="module.driver.transfer.event.event_sci1_txi" value="ELC_EVENT_SCI1_TXI" />
            <option display="SCI9 AM" id="module.driver.transfer.event.event_sci9_am" value="ELC_EVENT_SCI9_AM" />
            <option display="SCI9 ERI" id="module.driver.transfer.event.event_sci9_eri" value="ELC_EVENT_SCI9_ERI" />
            <option display="SCI9 RXI" id="module.driver.transfer.event.event_sci9_rxi" value="ELC_EVENT_SCI9_RXI" />
            <option display="SCI9 TEI" id="module.driver.transfer.event.event_sci9_tei" value="ELC_EVENT_SCI9_TEI" />
            <option display="SCI9 TXI" id="module.driver.transfer.event.event_sci9_txi" value="ELC_EVENT_SCI9_TXI" />
            <option display="SPI0 ERI" id="module.driver.transfer.event.event_spi0_eri" value="ELC_EVENT_SPI0_ERI" />
            <option display="SPI0 IDLE" id="module.driver.transfer.event.event_spi0_idle" value="ELC_EVENT_SPI0_IDLE" />
            <option display="SPI0 RXI" id="module.driver.transfer.event.event_spi0_rxi" value="ELC_EVENT_SPI0_RXI" />
            <option display="SPI0 TEI" id="module.driver.transfer.event.event_spi0_tei" value="ELC_EVENT_SPI0_TEI" />
            <option display="SPI0 TXI" id="module.driver.transfer.event.event_spi0_txi" value="ELC_EVENT_SPI0_TXI" />
            <option display="SPI1 ERI" id="module.driver.transfer.event.event_spi1_eri" value="ELC_EVENT_SPI1_ERI" />
            <option display="SPI1 IDLE" id="module.driver.transfer.event.event_spi1_idle" value="ELC_EVENT_SPI1_IDLE" />
            <option display="SPI1 RXI" id="module.driver.transfer.event.event_spi1_rxi" value="ELC_EVENT_SPI1_RXI" />
            <option display="SPI1 TEI" id="module.driver.transfer.event.event_spi1_tei" value="ELC_EVENT_SPI1_TEI" />
            <option display="SPI1 TXI" id="module.driver.transfer.event.event_spi1_txi" value="ELC_EVENT_SPI1_TXI" />
            <option display="TRNG RDREQ" id="module.driver.transfer.event.event_trng_rdreq" value="ELC_EVENT_TRNG_RDREQ" />
            <option display="USBFS INT" id="module.driver.transfer.event.event_usbfs_int" value="ELC_EVENT_USBFS_INT" />
            <option display="USBFS RESUME" id="module.driver.transfer.event.event_usbfs_resume" value="ELC_EVENT_USBFS_RESUME" />
            <option display="WDT UNDERFLOW" id="module.driver.transfer.event.event_wdt_underflow" value="ELC_EVENT_WDT_UNDERFLOW" />
        </enum>
        <enum id="enum.mcu.nvic.priorities.mandatory" default="board.icu.common.irq.priority2">
          <option display="Priority 0 (highest)" id="board.icu.common.irq.priority0" value="(0)" />
          <option display="Priority 1" id="board.icu.common.irq.priority1" value="(1)" />
          <option display="Priority 2" id="board.icu.common.irq.priority2" value="(2)" />
          <option display="Priority 3 (lowest - not valid if using ThreadX)" id="board.icu.common.irq.priority3" value="(3)" />
        </enum>
        <enum id="enum.mcu.nvic.priorities.optional" default="board.icu.common.irq.disabled">
          <option display="Priority 0 (highest)" id="board.icu.common.irq.priority0" value="(0)" />
          <option display="Priority 1" id="board.icu.common.irq.priority1" value="(1)" />
          <option display="Priority 2" id="board.icu.common.irq.priority2" value="(2)" />
          <option display="Priority 3 (lowest - not valid if using ThreadX)" id="board.icu.common.irq.priority3" value="(3)" />
          <option display="Disabled" id="board.icu.common.irq.disabled" value="(BSP_IRQ_DISABLED)" />
        </enum>
        <enum id="enum.mcu.tx_src.hw_stack_monitoring" default="config.el.tx_src.hw_stack_monitoring.disabled">
            <option id="config.el.tx_src.hw_stack_monitoring.disabled" display="Not Present" value="0" />                
        </enum>
	<enum id="enum.mcu.lvd.monitor" default="module.driver.lvd.voltage_threshold.LVD_THRESHOLD_MONITOR_1_LEVEL_7">
      	  <option display="4.29V (Vdet1_0)" id="module.driver.lvd.voltage_threshold.LVD_THRESHOLD_MONITOR_1_LEVEL_0" value="LVD_THRESHOLD_MONITOR_1_LEVEL_0"/>
      	  <option display="4.14V (Vdet1_1)" id="module.driver.lvd.voltage_threshold.LVD_THRESHOLD_MONITOR_1_LEVEL_1" value="LVD_THRESHOLD_MONITOR_1_LEVEL_1"/>
      	  <option display="4.02V (Vdet1_2)" id="module.driver.lvd.voltage_threshold.LVD_THRESHOLD_MONITOR_1_LEVEL_2" value="LVD_THRESHOLD_MONITOR_1_LEVEL_2"/>
      	  <option display="3.84V (Vdet1_3)" id="module.driver.lvd.voltage_threshold.LVD_THRESHOLD_MONITOR_1_LEVEL_3" value="LVD_THRESHOLD_MONITOR_1_LEVEL_3"/>
      	  <option display="3.10V (Vdet1_4)" id="module.driver.lvd.voltage_threshold.LVD_THRESHOLD_MONITOR_1_LEVEL_4" value="LVD_THRESHOLD_MONITOR_1_LEVEL_4"/>
      	  <option display="3.00V (Vdet1_5)" id="module.driver.lvd.voltage_threshold.LVD_THRESHOLD_MONITOR_1_LEVEL_5" value="LVD_THRESHOLD_MONITOR_1_LEVEL_5"/>
      	  <option display="2.90V (Vdet1_6)" id="module.driver.lvd.voltage_threshold.LVD_THRESHOLD_MONITOR_1_LEVEL_6" value="LVD_THRESHOLD_MONITOR_1_LEVEL_6"/>
      	  <option display="2.79V (Vdet1_7)" id="module.driver.lvd.voltage_threshold.LVD_THRESHOLD_MONITOR_1_LEVEL_7" value="LVD_THRESHOLD_MONITOR_1_LEVEL_7"/>
      	  <option display="2.68V (Vdet1_8)" id="module.driver.lvd.voltage_threshold.LVD_THRESHOLD_MONITOR_1_LEVEL_8" value="LVD_THRESHOLD_MONITOR_1_LEVEL_8"/>
      	  <option display="2.58V (Vdet1_9)" id="module.driver.lvd.voltage_threshold.LVD_THRESHOLD_MONITOR_1_LEVEL_9" value="LVD_THRESHOLD_MONITOR_1_LEVEL_9"/>
      	  <option display="2.48V (Vdet1_A)" id="module.driver.lvd.voltage_threshold.LVD_THRESHOLD_MONITOR_1_LEVEL_A" value="LVD_THRESHOLD_MONITOR_1_LEVEL_A"/>
      	  <option display="2.20V (Vdet1_B)" id="module.driver.lvd.voltage_threshold.LVD_THRESHOLD_MONITOR_1_LEVEL_B" value="LVD_THRESHOLD_MONITOR_1_LEVEL_B"/>
      	  <option display="1.96V (Vdet1_C)" id="module.driver.lvd.voltage_threshold.LVD_THRESHOLD_MONITOR_1_LEVEL_C" value="LVD_THRESHOLD_MONITOR_1_LEVEL_C"/>
      	  <option display="1.86V (Vdet1_D)" id="module.driver.lvd.voltage_threshold.LVD_THRESHOLD_MONITOR_1_LEVEL_D" value="LVD_THRESHOLD_MONITOR_1_LEVEL_D"/>
      	  <option display="1.75V (Vdet1_E)" id="module.driver.lvd.voltage_threshold.LVD_THRESHOLD_MONITOR_1_LEVEL_E" value="LVD_THRESHOLD_MONITOR_1_LEVEL_E"/>
      	  <option display="1.65V (Vdet1_F)" id="module.driver.lvd.voltage_threshold.LVD_THRESHOLD_MONITOR_1_LEVEL_F" value="LVD_THRESHOLD_MONITOR_1_LEVEL_F"/>
      	  <option display="4.29V (Vdet2_0)" id="module.driver.lvd.voltage_threshold.LVD_THRESHOLD_MONITOR_2_LEVEL_0" value="LVD_THRESHOLD_MONITOR_2_LEVEL_0"/>
      	  <option display="4.14V (Vdet2_1)" id="module.driver.lvd.voltage_threshold.LVD_THRESHOLD_MONITOR_2_LEVEL_1" value="LVD_THRESHOLD_MONITOR_2_LEVEL_1"/>
      	  <option display="4.02V (Vdet2_2)" id="module.driver.lvd.voltage_threshold.LVD_THRESHOLD_MONITOR_2_LEVEL_2" value="LVD_THRESHOLD_MONITOR_2_LEVEL_2"/>
      	  <option display="3.84V (Vdet2_3)" id="module.driver.lvd.voltage_threshold.LVD_THRESHOLD_MONITOR_2_LEVEL_3" value="LVD_THRESHOLD_MONITOR_2_LEVEL_3"/>
        </enum>
        <enum id="enum.mcu.dac.output_amplifier" default="module.driver.dac.output_amplifier_enabled.false">
          <option display="Disable" id="module.driver.dac.output_amplifier_enabled.false" value="false"/>
        </enum>
        <enum id="enum.mcu.adc.resolution" default="module.driver.adc.resolution.resolution_14_bit">
            <option display="14-Bit" id="module.driver.adc.resolution.resolution_14_bit" value="ADC_RESOLUTION_14_BIT" />
            <option display="12-Bit" id="module.driver.adc.resolution.resolution_12_bit" value="ADC_RESOLUTION_12_BIT" />
        </enum>
        <enum id="enum.driver.cgc.main_osc_wait" default="config.driver.cgc.main_osc_wait.wait_547">
            <option display="0.25 us (2 cycles)" id="config.driver.cgc.main_osc_wait.wait_3" value="(0)"/>
            <option display="128 us (1024 cycles)" id="config.driver.cgc.main_osc_wait.wait_35" value="(1)"/>
            <option display="256 us (2048 cycles)" id="config.driver.cgc.main_osc_wait.wait_67" value="(2)"/>
            <option display="512 us (4096 cycles)" id="config.driver.cgc.main_osc_wait.wait_131" value="(3)"/>
            <option display="1024 us (8192 cycles)" id="config.driver.cgc.main_osc_wait.wait_259" value="(4)"/>
            <option display="2048 us (16384 cycles)" id="config.driver.cgc.main_osc_wait.wait_547" value="(5)"/>
            <option display="4096 us (32768 cycles)" id="config.driver.cgc.main_osc_wait.wait_1059" value="(6)"/>
            <option display="8192 us (65536 cycles)" id="config.driver.cgc.main_osc_wait.wait_2147" value="(7)"/>
            <option display="16384 us (131072 cycles)" id="config.driver.cgc.main_osc_wait.wait_4291" value="(8)"/>
            <option display="32768 us (262144 cycles)" id="config.driver.cgc.main_osc_wait.wait_8163" value="(9)"/>
        </enum>
        <enum id="enum.driver.cgc.pll_state" default="module.driver.cgc_cfg.subosc_state.pll_state_clock_change_none">
            <option display="Not Present" id="module.driver.cgc_cfg.pll_state.pll_state_clock_change_none" value="CGC_CLOCK_CHANGE_NONE"/>
        </enum>
        <enum id="enum.driver.cgc.pll_clock_source" default="module.driver.cgc_cfg.source_clock.source_clock_main_osc">
            <option display="Not Present" id="module.driver.cgc_cfg.source_clock.source_clock_main_osc" value="CGC_CLOCK_MAIN_OSC"/>
        </enum>
        <enum id="enum.driver.cgc.pll_divisor" default="module.driver.cgc_cfg.divider.divider_div_1">
            <option display="Not Present" id="module.driver.cgc_cfg.divider.divider_div_1" value="CGC_PLL_DIV_1"/>
        </enum>
        <enum id="enum.driver.cgc.pll_multiplier" default="module.driver.cgc_cfg.multiplier.multiplier_mul_10.0">
            <option display="Not Present" id="module.driver.cgc_cfg.multiplier.multiplier_mul_10.0" value="10.0"/>
        </enum>
        <enum id="enum.driver.cgc.pclka_div" default="module.driver.cgc_cfg.pclka_div.pclka_div_div_1">
            <option display="Not Present" id="module.driver.cgc_cfg.pclka_div.pclka_div_div_1" value="CGC_SYS_CLOCK_DIV_1"/>
        </enum>
        <enum id="enum.driver.cgc.pclkb_div" default="module.driver.cgc_cfg.pclkb_div.pclkb_div_div_2">
            <option display="1" id="module.driver.cgc_cfg.pclkb_div.pclkb_div_div_1" value="CGC_SYS_CLOCK_DIV_1"/>
            <option display="2" id="module.driver.cgc_cfg.pclkb_div.pclkb_div_div_2" value="CGC_SYS_CLOCK_DIV_2"/>
            <option display="4" id="module.driver.cgc_cfg.pclkb_div.pclkb_div_div_4" value="CGC_SYS_CLOCK_DIV_4"/>
            <option display="8" id="module.driver.cgc_cfg.pclkb_div.pclkb_div_div_8" value="CGC_SYS_CLOCK_DIV_8"/>
            <option display="16" id="module.driver.cgc_cfg.pclkb_div.pclkb_div_div_16" value="CGC_SYS_CLOCK_DIV_16"/>
            <option display="32" id="module.driver.cgc_cfg.pclkb_div.pclkb_div_div_32" value="CGC_SYS_CLOCK_DIV_32"/>
            <option display="64" id="module.driver.cgc_cfg.pclkb_div.pclkb_div_div_64" value="CGC_SYS_CLOCK_DIV_64"/>
        </enum>
        <enum id="enum.driver.cgc.pclkc_div" default="module.driver.cgc_cfg.pclkc_div.pclkc_div_div_1">
            <option display="Not Present" id="module.driver.cgc_cfg.pclkc_div.pclkc_div_div_1" value="CGC_SYS_CLOCK_DIV_1"/>
        </enum>
        <enum id="enum.driver.cgc.pclkd_div" default="module.driver.cgc_cfg.pclkd_div.pclkd_div_div_1">
            <option display="1" id="module.driver.cgc_cfg.pclkd_div.pclkd_div_div_1" value="CGC_SYS_CLOCK_DIV_1"/>
            <option display="2" id="module.driver.cgc_cfg.pclkd_div.pclkd_div_div_2" value="CGC_SYS_CLOCK_DIV_2"/>
            <option display="4" id="module.driver.cgc_cfg.pclkd_div.pclkd_div_div_4" value="CGC_SYS_CLOCK_DIV_4"/>
            <option display="8" id="module.driver.cgc_cfg.pclkd_div.pclkd_div_div_8" value="CGC_SYS_CLOCK_DIV_8"/>
            <option display="16" id="module.driver.cgc_cfg.pclkd_div.pclkd_div_div_16" value="CGC_SYS_CLOCK_DIV_16"/>
            <option display="32" id="module.driver.cgc_cfg.pclkd_div.pclkd_div_div_32" value="CGC_SYS_CLOCK_DIV_32"/>
            <option display="64" id="module.driver.cgc_cfg.pclkd_div.pclkd_div_div_64" value="CGC_SYS_CLOCK_DIV_64"/>
        </enum>
        <enum id="enum.driver.cgc.bclk_div" default="module.driver.cgc_cfg.bclk_div.bclk_div_div_1">
            <option display="Not Present" id="module.driver.cgc_cfg.bclk_div.bclk_div_div_1" value="CGC_SYS_CLOCK_DIV_1"/>
        </enum>
        <enum id="enum.driver.cgc.fclk_div" default="module.driver.cgc_cfg.fclk_div.fclk_div_div_1">
            <option display="Not Present" id="module.driver.cgc_cfg.fclk_div.fclk_div_div_1" value="CGC_SYS_CLOCK_DIV_1"/>
        </enum>
        <enum id="enum.driver.cgc.system_clock_source" default="module.driver.cgc_cfg.system_clock.system_clock_hoco"> 
            <option display="HOCO" id="module.driver.cgc_cfg.system_clock.system_clock_hoco" value="CGC_CLOCK_HOCO"/>
            <option display="MOCO" id="module.driver.cgc_cfg.system_clock.system_clock_moco" value="CGC_CLOCK_MOCO"/>
            <option display="LOCO" id="module.driver.cgc_cfg.system_clock.system_clock_loco" value="CGC_CLOCK_LOCO"/>
            <option display="Main Oscillator" id="module.driver.cgc_cfg.system_clock.system_clock_main_osc" value="CGC_CLOCK_MAIN_OSC"/>
            <option display="Sub-Clock" id="module.driver.cgc_cfg.system_clock.system_clock_sub_clk" value="CGC_CLOCK_SUBCLOCK"/>
        </enum>
        <enum default="module.driver.sce.crypto_aes_plain_text_128_ecb.enable" id="enum.driver.sce.crypto_aes_plain_text_128_ecb">
            <option display="Enable"     id="module.driver.sce.crypto_aes_plain_text_128_ecb.enable" value="(1)"/>
            <option display="Disable"      id="module.driver.sce.crypto_aes_plain_text_128_ecb.disable" value="(0)"/>
        </enum>
        <enum default="module.driver.sce.crypto_aes_plain_text_128_cbc.enable" id="enum.driver.sce.crypto_aes_plain_text_128_cbc">
            <option display="Enable"     id="module.driver.sce.crypto_aes_plain_text_128_cbc.enable" value="(1)"/>
            <option display="Disable"      id="module.driver.sce.crypto_aes_plain_text_128_cbc.disable" value="(0)"/>
        </enum>
        <enum default="module.driver.sce.crypto_aes_plain_text_128_ctr.enable" id="enum.driver.sce.crypto_aes_plain_text_128_ctr">
            <option display="Enable"     id="module.driver.sce.crypto_aes_plain_text_128_ctr.enable" value="(1)"/>
            <option display="Disable"      id="module.driver.sce.crypto_aes_plain_text_128_ctr.disable" value="(0)"/>
        </enum>
        <enum default="module.driver.sce.crypto_aes_plain_text_128_gcm.disable" id="enum.driver.sce.crypto_aes_plain_text_128_gcm">
            <option display="Unsupported"     id="module.driver.sce.crypto_aes_plain_text_128_gcm.disable" value="(0)"/>
        </enum>
        <enum default="module.driver.sce.crypto_aes_plain_text_128_xts.disable" id="enum.driver.sce.crypto_aes_plain_text_128_xts">
            <option display="Unsupported"      id="module.driver.sce.crypto_aes_plain_text_128_xts.disable" value="(0)"/>
        </enum>
        <enum default="module.driver.sce.crypto_aes_plain_text_192_ecb.disable" id="enum.driver.sce.crypto_aes_plain_text_192_ecb">
            <option display="Unsupported"      id="module.driver.sce.crypto_aes_plain_text_192_ecb.disable" value="(0)"/>
        </enum>
        <enum default="module.driver.sce.crypto_aes_plain_text_192_cbc.disable" id="enum.driver.sce.crypto_aes_plain_text_192_cbc">
            <option display="Unsupported"      id="module.driver.sce.crypto_aes_plain_text_192_cbc.disable" value="(0)"/>
        </enum>
        <enum default="module.driver.sce.crypto_aes_plain_text_192_ctr.disable" id="enum.driver.sce.crypto_aes_plain_text_192_ctr">
            <option display="Unsupported"      id="module.driver.sce.crypto_aes_plain_text_192_ctr.disable" value="(0)"/>
        </enum>
        <enum default="module.driver.sce.crypto_aes_plain_text_192_gcm.disable" id="enum.driver.sce.crypto_aes_plain_text_192_gcm">
            <option display="Unsupported"      id="module.driver.sce.crypto_aes_plain_text_192_gcm.disable" value="(0)"/>
        </enum>
        <enum default="module.driver.sce.crypto_aes_plain_text_256_ecb.enable" id="enum.driver.sce.crypto_aes_plain_text_256_ecb">
            <option display="Enable"     id="module.driver.sce.crypto_aes_plain_text_256_ecb.enable" value="(1)"/>
            <option display="Disable"      id="module.driver.sce.crypto_aes_plain_text_256_ecb.disable" value="(0)"/>
        </enum>
        <enum default="module.driver.sce.crypto_aes_plain_text_256_cbc.enable" id="enum.driver.sce.crypto_aes_plain_text_256_cbc">
            <option display="Enable"     id="module.driver.sce.crypto_aes_plain_text_256_cbc.enable" value="(1)"/>
            <option display="Disable"      id="module.driver.sce.crypto_aes_plain_text_256_cbc.disable" value="(0)"/>
        </enum>
        <enum default="module.driver.sce.crypto_aes_plain_text_256_ctr.enable" id="enum.driver.sce.crypto_aes_plain_text_256_ctr">
            <option display="Enable"     id="module.driver.sce.crypto_aes_plain_text_256_ctr.enable" value="(1)"/>
            <option display="Disable"      id="module.driver.sce.crypto_aes_plain_text_256_ctr.disable" value="(0)"/>
        </enum>
        <enum default="module.driver.sce.crypto_aes_plain_text_256_gcm.disable" id="enum.driver.sce.crypto_aes_plain_text_256_gcm">
            <option display="Unsupported"      id="module.driver.sce.crypto_aes_plain_text_256_gcm.disable" value="(0)"/>
        </enum>
        <enum default="module.driver.sce.crypto_aes_plain_text_256_xts.disable" id="enum.driver.sce.crypto_aes_plain_text_256_xts">
            <option display="Unsupported"      id="module.driver.sce.crypto_aes_plain_text_256_xts.disable" value="(0)"/>
        </enum>
        <enum default="module.driver.sce.crypto_aes_wrapped_128_ecb.disable" id="enum.driver.sce.crypto_aes_wrapped_128_ecb">
            <option display="Unsupported"      id="module.driver.sce.crypto_aes_wrapped_128_ecb.disable" value="(0)"/>
        </enum>
        <enum default="module.driver.sce.crypto_aes_wrapped_128_cbc.disable" id="enum.driver.sce.crypto_aes_wrapped_128_cbc">
            <option display="Unsupported"      id="module.driver.sce.crypto_aes_wrapped_128_cbc.disable" value="(0)"/>
        </enum>
        <enum default="module.driver.sce.crypto_aes_wrapped_128_ctr.disable" id="enum.driver.sce.crypto_aes_wrapped_128_ctr">
            <option display="Unsupported"      id="module.driver.sce.crypto_aes_wrapped_128_ctr.disable" value="(0)"/>
        </enum>
        <enum default="module.driver.sce.crypto_aes_wrapped_128_gcm.disable" id="enum.driver.sce.crypto_aes_wrapped_128_gcm">
            <option display="Unsupported"     id="module.driver.sce.crypto_aes_wrapped_128_gcm.disable" value="(0)"/>
        </enum>
        <enum default="module.driver.sce.crypto_aes_wrapped_128_xts.disable" id="enum.driver.sce.crypto_aes_wrapped_128_xts">
            <option display="Unsupported"      id="module.driver.sce.crypto_aes_wrapped_128_xts.disable" value="(0)"/>
        </enum>
        <enum default="module.driver.sce.crypto_aes_wrapped_192_ecb.disable" id="enum.driver.sce.crypto_aes_wrapped_192_ecb">
            <option display="Unsupported"      id="module.driver.sce.crypto_aes_wrapped_192_ecb.disable" value="(0)"/>
        </enum>
        <enum default="module.driver.sce.crypto_aes_wrapped_192_cbc.disable" id="enum.driver.sce.crypto_aes_wrapped_192_cbc">
            <option display="Unsupported"      id="module.driver.sce.crypto_aes_wrapped_192_cbc.disable" value="(0)"/>
        </enum>
        <enum default="module.driver.sce.crypto_aes_wrapped_192_ctr.disable" id="enum.driver.sce.crypto_aes_wrapped_192_ctr">
            <option display="Unsupported"      id="module.driver.sce.crypto_aes_wrapped_192_ctr.disable" value="(0)"/>
        </enum>
        <enum default="module.driver.sce.crypto_aes_wrapped_192_gcm.disable" id="enum.driver.sce.crypto_aes_wrapped_192_gcm">
            <option display="Unsupported"      id="module.driver.sce.crypto_aes_wrapped_192_gcm.disable" value="(0)"/>
        </enum>
        <enum default="module.driver.sce.crypto_aes_wrapped_256_ecb.disable" id="enum.driver.sce.crypto_aes_wrapped_256_ecb">
            <option display="Unsupported"      id="module.driver.sce.crypto_aes_wrapped_256_ecb.disable" value="(0)"/>
        </enum>
        <enum default="module.driver.sce.crypto_aes_wrapped_256_cbc.disable" id="enum.driver.sce.crypto_aes_wrapped_256_cbc">
            <option display="Unsupported"      id="module.driver.sce.crypto_aes_wrapped_256_cbc.disable" value="(0)"/>
        </enum>
        <enum default="module.driver.sce.crypto_aes_wrapped_256_ctr.disable" id="enum.driver.sce.crypto_aes_wrapped_256_ctr">
            <option display="Unsupported"      id="module.driver.sce.crypto_aes_wrapped_256_ctr.disable" value="(0)"/>
        </enum>
        <enum default="module.driver.sce.crypto_aes_wrapped_256_gcm.disable" id="enum.driver.sce.crypto_aes_wrapped_256_gcm">
            <option display="Unsupported"      id="module.driver.sce.crypto_aes_wrapped_256_gcm.disable" value="(0)"/>
        </enum>
        <enum default="module.driver.sce.crypto_aes_wrapped_256_xts.disable" id="enum.driver.sce.crypto_aes_wrapped_256_xts">
            <option display="Unsupported"      id="module.driver.sce.crypto_aes_wrapped_256_xts.disable" value="(0)"/>
        </enum>
        <enum default="module.driver.sce.crypto_rsa_plain_text_1024.disable" id="enum.driver.sce.crypto_rsa_plain_text_1024">
            <option display="Unsupported"      id="module.driver.sce.crypto_rsa_plain_text_1024.disable" value="(0)"/>
        </enum>
        <enum default="module.driver.sce.crypto_rsa_plain_text_2048.disable" id="enum.driver.sce.crypto_rsa_plain_text_2048">
            <option display="Unsupported"      id="module.driver.sce.crypto_rsa_plain_text_2048.disable" value="(0)"/>
        </enum>
        <enum default="module.driver.sce.crypto_rsa_wrapped_1024.disable" id="enum.driver.sce.crypto_rsa_wrapped_1024">
            <option display="Unsupported"      id="module.driver.sce.crypto_rsa_wrapped_1024.disable" value="(0)"/>
        </enum>
        <enum default="module.driver.sce.crypto_rsa_wrapped_2048.disable" id="enum.driver.sce.crypto_rsa_wrapped_2048">
            <option display="Unsupported"      id="module.driver.sce.crypto_rsa_wrapped_2048.disable" value="(0)"/>
        </enum>
        <enum default="module.driver.sce.crypto_ecc_plain_text_192.disable" id="enum.driver.sce.crypto_ecc_plain_text_192">
            <option display="Unsupported"      id="module.driver.sce.crypto_ecc_plain_text_192.disable" value="(0)"/>
        </enum>
        <enum default="module.driver.sce.crypto_ecc_plain_text_256.disable" id="enum.driver.sce.crypto_ecc_plain_text_256">
            <option display="Unsupported"      id="module.driver.sce.crypto_ecc_plain_text_256.disable" value="(0)"/>
        </enum>
        <enum default="module.driver.sce.crypto_ecc_wrapped_192.disable" id="enum.driver.sce.crypto_ecc_wrapped_192">
            <option display="Unsupported"      id="module.driver.sce.crypto_ecc_wrapped_192.disable" value="(0)"/>
        </enum>
        <enum default="module.driver.sce.crypto_ecc_wrapped_256.disable" id="enum.driver.sce.crypto_ecc_wrapped_256">
            <option display="Unsupported"      id="module.driver.sce.crypto_ecc_wrapped_256.disable" value="(0)"/>
        </enum>
        <enum default="module.driver.sce.crypto_hash_sha1.disable" id="enum.driver.sce.crypto_hash_sha1">
            <option display="Unsupported"      id="module.driver.sce.crypto_hash_sha1.disable" value="(0)"/>
        </enum>
        <enum default="module.driver.sce.crypto_hash_sha224.disable" id="enum.driver.sce.crypto_hash_sha224">
            <option display="Unsupported"      id="module.driver.sce.crypto_hash_sha224.disable" value="(0)"/>
        </enum>
        <enum default="module.driver.sce.crypto_hash_sha256.disable" id="enum.driver.sce.crypto_hash_sha256">
            <option display="Unsupported"      id="module.driver.sce.crypto_hash_sha256.disable" value="(0)"/>
        </enum>
        <enum default="module.driver.sce.crypto_hash_md5.disable" id="enum.driver.sce.crypto_hash_md5">
            <option display="Unsupported"      id="module.driver.sce.crypto_hash_md5.disable" value="(0)"/>
        </enum>
        <enum default="module.driver.sce.crypto_trng.enable" id="enum.driver.sce.crypto_trng">
            <option display="Enable"     id="module.driver.sce.crypto_trng.enable" value="(1)"/>
            <option display="Disable"      id="module.driver.sce.crypto_trng.disable" value="(0)"/>
        </enum>
        <clock>
            <constraint display="ICLK must not be less than PCLKB">
                (${value:board.clock.iclk.display} &gt;= ${value:board.clock.pclkb.display})
            </constraint>
            <constraint display="PCLKD must not be less than PCLKB">
                (${value:board.clock.pclkd.display} &gt;= ${value:board.clock.pclkb.display})
            </constraint>
            <node id="board.clock.xtal.freq" xhint="0" yhint="0" default="16000000" tooltip="Click to edit the XTAL frequency.">
                <option id="_edit" display="XTAL ${value}Hz" macroName="BSP_CFG_XTAL_HZ" macroValue="(${value})" />
            </node>
            <node id="board.clock.hoco.freq" xhint="0" yhint="4" default="board.clock.hoco.freq.48m">
                <option id="board.clock.hoco.freq.24m" display="HOCO 24MHz" mul="24000000" macroName="BSP_CFG_HOCO_FREQUENCY" macroValue="(0)" />
                <option id="board.clock.hoco.freq.32m" display="HOCO 32MHz" mul="32000000" macroName="BSP_CFG_HOCO_FREQUENCY" macroValue="(2)" />
                <option id="board.clock.hoco.freq.48m" display="HOCO 48MHz" mul="48000000" macroName="BSP_CFG_HOCO_FREQUENCY" macroValue="(4)" />
                <option id="board.clock.hoco.freq.64m" display="HOCO 64MHz" mul="64000000" macroName="BSP_CFG_HOCO_FREQUENCY" macroValue="(5)" />
            </node>
            <node id="board.clock.loco.freq" xhint="0" yhint="1" default="board.clock.loco.freq.32768">
                <option id="board.clock.loco.freq.32768" display="LOCO 32768Hz" mul="32768" />
            </node>
            <node id="board.clock.moco.freq" xhint="0" yhint="2" default="board.clock.moco.freq.8m">
                <option id="board.clock.moco.freq.8m" display="MOCO 8MHz" mul="8000000" />
            </node>
            <node id="board.clock.subclk.freq" xhint="0" yhint="3" default="board.clock.subclk.freq.32768">
                <option id="board.clock.subclk.freq.32768" display="SUBCLK 32768Hz" mul="32768" />
            </node>
            <node id="board.clock.clock.source" xhint="2" yhint="2" default="board.clock.clock.source.hoco">
                <option id="board.clock.clock.source.hoco" display="Clock Src: HOCO" input="board.clock.hoco.freq" macroName="BSP_CFG_CLOCK_SOURCE" macroValue="(CGC_CLOCK_HOCO)" />
                <option id="board.clock.clock.source.moco" display="Clock Src: MOCO" input="board.clock.moco.freq" macroName="BSP_CFG_CLOCK_SOURCE" macroValue="(CGC_CLOCK_MOCO)" />
                <option id="board.clock.clock.source.loco" display="Clock Src: LOCO" input="board.clock.loco.freq" macroName="BSP_CFG_CLOCK_SOURCE" macroValue="(CGC_CLOCK_LOCO)" />
                <option id="board.clock.clock.source.xtal" display="Clock Src: XTAL" input="board.clock.xtal.freq" macroName="BSP_CFG_CLOCK_SOURCE" macroValue="(CGC_CLOCK_MAIN_OSC)" />
                <option id="board.clock.clock.source.subclk" display="Clock Src: SUBCLK" input="board.clock.subclk.freq" macroName="BSP_CFG_CLOCK_SOURCE" macroValue="(CGC_CLOCK_SUBCLOCK)" />
            </node>
            <node id="board.clock.iclk.div" xhint="3" yhint="0" default="board.clock.iclk.div.2">
                <option id="board.clock.iclk.div.1" display="ICLK Div /1" div="1" input="board.clock.clock.source" macroName="BSP_CFG_ICK_DIV" macroValue="(CGC_SYS_CLOCK_DIV_1)" />
                <option id="board.clock.iclk.div.2" display="ICLK Div /2" div="2" input="board.clock.clock.source" macroName="BSP_CFG_ICK_DIV" macroValue="(CGC_SYS_CLOCK_DIV_2)" />
                <option id="board.clock.iclk.div.4" display="ICLK Div /4" div="4" input="board.clock.clock.source" macroName="BSP_CFG_ICK_DIV" macroValue="(CGC_SYS_CLOCK_DIV_4)" />
                <option id="board.clock.iclk.div.8" display="ICLK Div /8" div="8" input="board.clock.clock.source" macroName="BSP_CFG_ICK_DIV" macroValue="(CGC_SYS_CLOCK_DIV_8)" />
                <option id="board.clock.iclk.div.16" display="ICLK Div /16" div="16" input="board.clock.clock.source" macroName="BSP_CFG_ICK_DIV" macroValue="(CGC_SYS_CLOCK_DIV_16)" />
                <option id="board.clock.iclk.div.32" display="ICLK Div /32" div="32" input="board.clock.clock.source" macroName="BSP_CFG_ICK_DIV" macroValue="(CGC_SYS_CLOCK_DIV_32)" />
                <option id="board.clock.iclk.div.64" display="ICLK Div /64" div="64" input="board.clock.clock.source" macroName="BSP_CFG_ICK_DIV" macroValue="(CGC_SYS_CLOCK_DIV_64)" />
            </node>
            <node id="board.clock.iclk.display" xhint="4" yhint="0" tooltip="The system clock (ICLK) is used as the operating clock of the CPU, DMAC, DTC, ROM and RAM. \nIt should not exceed 32 MHz.">
                <option id="board.clock.iclk.display.value" input="board.clock.iclk.div" display="ICLK ${value}Hz" maxValue="32000000" />
            </node>
            <node id="board.clock.pclkb.div" xhint="3" yhint="1" default="board.clock.pclkb.div.2">
                <option id="board.clock.pclkb.div.1" display="PCLKB Div /1" div="1" input="board.clock.clock.source" macroName="BSP_CFG_PCKB_DIV" macroValue="(CGC_SYS_CLOCK_DIV_1)" />
                <option id="board.clock.pclkb.div.2" display="PCLKB Div /2" div="2" input="board.clock.clock.source" macroName="BSP_CFG_PCKB_DIV" macroValue="(CGC_SYS_CLOCK_DIV_2)" />
                <option id="board.clock.pclkb.div.4" display="PCLKB Div /4" div="4" input="board.clock.clock.source" macroName="BSP_CFG_PCKB_DIV" macroValue="(CGC_SYS_CLOCK_DIV_4)" />
                <option id="board.clock.pclkb.div.8" display="PCLKB Div /8" div="8" input="board.clock.clock.source" macroName="BSP_CFG_PCKB_DIV" macroValue="(CGC_SYS_CLOCK_DIV_8)" />
                <option id="board.clock.pclkb.div.16" display="PCLKB Div /16" div="16" input="board.clock.clock.source" macroName="BSP_CFG_PCKB_DIV" macroValue="(CGC_SYS_CLOCK_DIV_16)" />
                <option id="board.clock.pclkb.div.32" display="PCLKB Div /32" div="32" input="board.clock.clock.source" macroName="BSP_CFG_PCKB_DIV" macroValue="(CGC_SYS_CLOCK_DIV_32)" />
                <option id="board.clock.pclkb.div.64" display="PCLKB Div /64" div="64" input="board.clock.clock.source" macroName="BSP_CFG_PCKB_DIV" macroValue="(CGC_SYS_CLOCK_DIV_64)" />
            </node>
            <node id="board.clock.pclkb.display" xhint="4" yhint="1" tooltip="The Peripheral clock B (PCLKB) is used as the operating clock for all other modules not supported by PCLKA, PCLKC and PCLKD. \nIt should not exceed 32 MHz.">
                <option id="board.clock.pclkb.display.value" input="board.clock.pclkb.div" display="PCLKB ${value}Hz" maxValue="32000000" />
            </node>
            <node id="board.clock.pclkd.div" xhint="3" yhint="2" default="board.clock.pclkd.div.1">
                <option id="board.clock.pclkd.div.1" display="PCLKD Div /1" div="1" input="board.clock.clock.source" macroName="BSP_CFG_PCKD_DIV" macroValue="(CGC_SYS_CLOCK_DIV_1)" />
                <option id="board.clock.pclkd.div.2" display="PCLKD Div /2" div="2" input="board.clock.clock.source" macroName="BSP_CFG_PCKD_DIV" macroValue="(CGC_SYS_CLOCK_DIV_2)" />
                <option id="board.clock.pclkd.div.4" display="PCLKD Div /4" div="4" input="board.clock.clock.source" macroName="BSP_CFG_PCKD_DIV" macroValue="(CGC_SYS_CLOCK_DIV_4)" />
                <option id="board.clock.pclkd.div.8" display="PCLKD Div /8" div="8" input="board.clock.clock.source" macroName="BSP_CFG_PCKD_DIV" macroValue="(CGC_SYS_CLOCK_DIV_8)" />
                <option id="board.clock.pclkd.div.16" display="PCLKD Div /16" div="16" input="board.clock.clock.source" macroName="BSP_CFG_PCKD_DIV" macroValue="(CGC_SYS_CLOCK_DIV_16)" />
                <option id="board.clock.pclkd.div.32" display="PCLKD Div /32" div="32" input="board.clock.clock.source" macroName="BSP_CFG_PCKD_DIV" macroValue="(CGC_SYS_CLOCK_DIV_32)" />
                <option id="board.clock.pclkd.div.64" display="PCLKD Div /64" div="64" input="board.clock.clock.source" macroName="BSP_CFG_PCKD_DIV" macroValue="(CGC_SYS_CLOCK_DIV_64)" />
            </node>
            <node id="board.clock.pclkd.display" xhint="4" yhint="2" tooltip="The Peripheral clock D (PCLKD) is used as the operating clock for the GPT module. \nIt should not exceed 64 MHz.">
                <option id="board.clock.pclkd.display.value" input="board.clock.pclkd.div" display="PCLKD ${value}Hz" maxValue="64000000" />
            </node>            
            <node id="board.clock.uclk.display" xhint="4" yhint="4" tooltip="The USB clock (UCLK) is an operating clock for the USBFS module.\nA 48-MHz clock must be supplied to the USB module.\nWhen the USB module is used, setting must be made so that UCLK is 48 MHz.">
                <option id="board.clock.uclk.display.value" input="board.clock.hoco.freq" display="UCLK ${value}Hz" minValue="48000000" maxValue="48000000" />
            </node>            
        </clock>
    </bsp>
</synergyModuleDescription>
